name,x,y
trans_equiv,0,0
k_lsb,0,0
k21,2637962.769,623062.072
k22,0,0
34097296,2642350.062,635881.961
10559391,2642462.572,636252.1949999999
10558484,2642844.16,630053.66
10558483,2642595.26,629679.5870000001
10548932,2643052.129,628989.977
10549227,2643156.934,629022.9570000001
10548918,2641642.238,627650.988
10548919,2641825.596,627873.578
34092234,2648124.265,630261.329
34092313,2648341.075,630215.509
34095660,2643026.13,625561.7169999999
34085491,2643005.589,625312.9399999999
34057797,2640882.379,630321.078
34054972,2641079.536,630247.995
10548007,2644925.417,626404.186
10579832,2644944.746,626420.454
34086311,2642982.637,634267.077
10559275,2642813.35,634535.241
10558476,2641513.224,632142.865
10558475,2641518.091,632169.303
10549222,2643373.776,627457.659
10549221,2643259.976,627285.1949999999
10548912,2639178.547,624995.792
10548913,2639460.215,625303.8810000001
10559587,2643897.057,626264.603
34091314,2643906.263,626256.198
34085954,2645901.19,628585.472
34085468,2647165.388,629736.0699999999
20344367,2640564.804,630686.1
34054966,2640581.616,630707.997
10558517,2645866.772,633299.603
10558958,2645844.647,633308.5110000001
10557802,2638556.678,624520.058
10557182,2638708.646,624488.752
20079696,2643003.841,626460.324
10549020,2642707.559,626356.446
34095590,2639086.243,625101.662
10548907,2639422.237,625467.042
10548965,2639733.231,625477.258
34090005,2639746.404,625475.72
10548983,2639405.194,624843.581
34085372,2639420.616,624835.0429999999
20416460,2641153.281,627810.698
34054542,2640944.896,627963.708
20396671,2641547.451,631828.091
10579447,2641550.273,631855.937
10558520,2648055.571,634630.042
10558583,2648053.419,634653.828
34091315,2642274.242,626071.802
10555985,2641992.56,626433.093
10549011,2642808.629,624771.795
10549010,2642845.708,624728.923
34084951,2644805.617,626574.926
10558471,2642268.269,630380.444
34087255,2642255.292,630387.334
10549294,2645320.201,625861.075
34085341,2645327.317,625850.857
34086019,2649635.973,626346.873
20437313,2650260.612,626015.773
34085040,2648374.52,626817.448
10579118,2648789.077,626782.215
34086404,2646472.764,635548.008
10558577,2646172.627,635601.291
10579019,2646413.895,626409.35
10549426,2646430.038,626367.083
10548987,2639513.128,624185.801
10548988,2639749.483,624155.047
10540779,2643088.703,626480.321
10543795,2643357.504,626516.089
10558563,2644730.141,631027.1310000001
34086801,2645086.778,630932.6459999999
10549229,2643850.575,629123.336
34085286,2643847.934,629108.443
34095644,2641426.531,627648.258
20396847,2641408.873,627664.157
10574852,2646945.26,635156.86
10574854,2646816.436,635155.0379999999
34086415,2644613.119,631855.071
10558570,2643810.149,632127.686
10549217,2642982.074,624992.946
10549307,2643005.273,625002.76
10548982,2639532.496,624644.784
10549220,2643045.551,626475.808
34086011,2650886.656,625560.6090000001
40152453,2650986.116,625635.5820000001
20344371,2640133.917,630268.625
34086794,2639993.809,630262.022
10549289,2645525.504,626560.382
34085048,2645458.1,626339.997
34084593,2639759.208,624338.937
20350796,2639697.892,624536.4790000001
10573493,2645298.963,625815.42
10573492,2645244.658,625721.309
10558560,2644568.192,631075.161
10558564,2644591.769,631066.754
10549274,2646139.684,626272.735
10549291,2646154.344,626233.0550000001
10548967,2643069.359,625726.346
10548968,2643164.885,625775.225
10561915,2646284.71,634019.785
10532911,2645703.29,634051.723
34086302,2647413.187,635166.943
34097398,2647199.774,635162.885
34086403,2645957.109,633464.8639999999
34085321,2648797.278,626774.2389999999
34085042,2649069.058,626632.074
34055522,2641409.876,629992.691
20344333,2641155.139,629702.208
34086799,2643320.963,630652.544
10560618,2643206.806,630422.221
10558559,2644647.043,630870.692
10558558,2644671.479,630853.708
10549285,2646227.261,626037.916
34085480,2639567.995,625608.366
10548960,2639548.945,625631.081
10558524,2646064.366,632654.938
10526890,2646156.376,632805.097
34086805,2648732.225,630168.571
34097392,2649108.468,630146.0870000001
10524061,2645288.16,635652.603
34086382,2645057.8,635626.298
34085037,2646755.038,626552.5
34085036,2647035.594,626686.528
34086405,2643037.843,630785.644
20251419,2642882.434,630861.135
34095649,2641178.734,625162.1409999999
10560337,2641339.614,625297.847
10558549,2643805.392,630084.238
10558551,2643788.703,630226.154
34085035,2645972.4,626195.5550000001
10548909,2640115.794,626224.5060000001
10548952,2640106.277,626254.263
34086401,2645571.865,635691.563
34096115,2644756.213,631315.808
10558469,2642887.07,630063.465
34086318,2642876.747,630068.404
10579841,2644763.141,626560.906
34084954,2644605.707,626504.539
34085342,2643056.784,626315.2070000001
20079698,2643004.962,626396.954
34084666,2641050.854,624761.925
10559617,2641169.117,624678
10558543,2645381.9,632850.929
10558545,2645444.817,632973.406
10549262,2643419.752,627614.755
10549263,2643403.705,627657.379
10548946,2641845.604,627858.403
34085262,2646643.191,625291.089
34095665,2646817.468,625321.534
10559090,2645053.013,633602.485
34086306,2644905.84,633665.678
34095650,2641193.281,624753.069
34084664,2641397.698,624897.711
10548934,2642756.392,628801.277
20014991,2642747.862,628610.53
10559590,2643580.854,626575.531
10558515,2645623.227,632807.868
10558525,2645792.767,632753.049
34095666,2644516.723,628196.9620000001
10549255,2645184.252,628406.797
34095581,2642692.818,627292.387
10548940,2642085.867,627211.044
10549219,2643063.44,626304.666
34095659,2643045.305,626004.456
10558522,2649103.515,634967.309
34086300,2649115.261,634971.584
34084602,2639070.081,624363.432
34084601,2639182.648,624320.077
10578709,2647127.027,628199.934
10580378,2647073.788,628480.278
34086007,2644096.602,629671.017
10559515,2644186.948,629876.781
10558518,2646079.664,633679.437
10549247,2643725.444,628386.671
10549248,2643518.45,628398.666
34090007,2642666.339,628375.47
10548933,2642647.115,628282.113
10560281,2641168.673,625150.36
34095668,2643702.492,625372.054
34086016,2643872.708,625566.706
34054973,2640901.214,630555.8689999999
10579976,2644844.828,635542.581
10579978,2644753.341,635296.505
10559399,2642299.807,635338.639
10559400,2642273.527,635341.101
10558510,2644036.742,630279.532
10558511,2644135.629,630581.01
10549243,2643561.015,628979.964
10549241,2643562.301,628964.215
20396846,2642441.2,628743.644
10548927,2642270.658,628692.615
10548906,2638895.575,624889.258
10559558,2644016.783,629506.307
34054980,2641609.132,629698.8050000001
34054979,2641887.399,629932.13
10549292,2644998.938,626300.834
10579844,2644990.829,626277.5060000001
10559267,2644056.977,634061.927
10559392,2643750.988,633995.856
10549228,2643553.107,629145.0699999999
34085402,2642331.878,628402.02
10548920,2642631.41,628706.594
34086319,2642247.565,634450.863
34095281,2641965.938,634375.249
10545431,2644008.719,626736.16
34085492,2644161.421,626783.907
20344331,2640949.63,630130.563
34084956,2644819.515,626222.849
10579833,2644652.49,626203.295
10559385,2643960.65,634343.436
10558473,2641434.642,632094.6040000001
34085488,2643434.095,627587.6850000001
34090004,2639468.067,625315.247
10548914,2639627.96,625484.778
10549018,2642279.098,626083.277
10548931,2642948.185,628958.737
34085479,2643029.511,628981.314
34054968,2640748.008,630867.13
34054967,2640596.988,630736.95
10559040,2645622.028,633392.948
10572565,2638283.512,624498.3320000001
34095591,2639884.346,625967.505
10548908,2639893.282,625977.774
34095589,2642670.722,628386.981
34085313,2647490.393,626874.424
34085401,2647502.261,626872.639
20344327,2641781.481,630510.204
34054927,2641783.658,630453.411
10579827,2644156.441,626807.9
10558584,2648023.542,634874.262
10556735,2649154.532,626850.99
10549216,2642910.151,624893.116
10548901,2639295.633,624277.848
20028683,2641856.032,630578.858
34087256,2641693.628,630652.1139999999
20437314,2650311.909,626093.942
10549433,2648010.006,626842.423
10579185,2648162.732,627025.399
10558578,2646443.374,635497.5820000001
34086013,2646659.187,626511.197
10549431,2646671.011,626487.916
34084592,2639761.797,624151.946
10548989,2639761.495,624325.567
34085311,2643556.856,626604.4129999999
10544883,2643792.813,626675.312
34086802,2645415.304,634389.591
34095661,2643545.915,626598.411
20396849,2641384.749,627686.274
34085044,2647493.927,627551.111
34086400,2648729.08,635049.813
10558571,2648404.251,635128.796
10549309,2643255.619,625098.147
34090001,2639275.898,624899.0699999999
34085952,2644050.378,628122.027
10541616,2644344.407,628139.818
40154810,2651421.905,625524.679
10543079,2641529.213,631424.865
34086796,2641537.067,631628.304
34085260,2647059.384,625417.83
10558566,2645081.804,631509.223
10558565,2645260.78,631493.339
10548976,2638869.766,624891.279
20344324,2641498.262,630748.147
10536946,2641499.938,630770.243
40014844,2644153.195,630604.574
40013213,2644111.567,630622.314
10558576,2646484.996,635545.546
10549288,2647491.149,626917.777
34085043,2647499.483,627286.528
34054976,2641413.264,629655.312
20344334,2641770.83,629786.927
10553426,2646309.033,634011.9449999999
10558561,2644453.026,630910.228
10549286,2646491.149,626196.25
10548961,2639269.257,625862.331
34086018,2644046.027,625309.709
10528321,2644299.29,625247.383
10523041,2649536.877,630350.735
34097393,2649451.348,630456.379
10558580,2646023.706,635111.097
34086383,2645892.091,634982.258
10560338,2640925.576,625414.745
34086381,2643785.347,630234.537
10558552,2643590.366,629992.338
34085312,2646423.788,626413.611
10549276,2646570.316,626471.944
10548953,2640040.367,626541.709
10524153,2644851.293,635597.623
34096116,2644145.879,630593.639
10559487,2642259.807,634453.287
10549293,2645088.663,626181.3199999999
34084955,2645096.247,626171.428
20079699,2642745.783,626205.5379999999
10548923,2643013.463,629115.911
10559735,2643369.295,629499.279
10558546,2646056.03,633687.152
10549264,2643236.128,627288.562
34090000,2642631.826,628273.416
10548947,2642596.013,628325.625
34085953,2644504.399,628192.526
10559182,2644630.083,633852.84
34086307,2644306.734,634038.226
34084665,2641635.323,625065.2290000001
20014992,2642579.764,628441.961
10559588,2643796.084,626556.205
10558516,2645785.327,633136.201
10558540,2645762.198,633147.066
10584630,2645869.628,628619.442
10549258,2645582.905,628873.304
10548942,2641670.69,627652.581
10548941,2641847.197,627486.003
10542098,2643026.827,625574.156
10558573,2647841.523,635151.745
34086301,2647425.684,635166.912
10548902,2638828.249,624462.742
10580818,2637925.652,623158.865
10559537,2643866.027,629164.689
10553427,2647272.861,634413.183
10549225,2643770.255,628385.7169999999
10549249,2643810.926,628380.321
10548921,2642732.11,628811.519
34086017,2643879.547,625577.1189999999
34054975,2640631.733,629804.98
34057798,2640686.707,629642.488
10580165,2641308.571,631950.319
10580150,2640870.452,631945.61
10559407,2641946.44,634050.8320000001
10558513,2644959.378,631590.52
10549244,2643552.592,629120.599
10548928_open,0,0
34084616,2639669.466,625732.705
34086008,2643530.494,629675.91
10579834,2645122.342,626209.314
10579845,2645339.49,626375.503
34086308,2643158.568,634001.23
10559393,2642989.893,634256.504
10558494,2641524.894,632208.748
34085493,2644373.814,626860.733
34054974,2640566.814,630027
10559386,2644457.581,633566.041
10558478,2641560.075,631883.292
10558477,2641626.671,632018.948
34085489,2643659.475,628113.206
10549223,2643522.56,627786.835
10548915,2639932.268,625814.843
34091439,2649435.927,630140.542
34054969,2640992.61,630831.5550000001
34086402,2645608.976,633396.064
10559057,2645296.958,633511.481
10549303,2642983.068,625584.377
10558215,2642540.123,625610.8540000001
34090031,2639310.155,624273.6850000001
34057775,2641595.922,630085.465
34054962,2641230.444,629904.464
10579828,2644843.596,626600.453
10558585,2647262.128,634435.423
34085039,2649166.304,626854.61
10556736,2648849.987,627297.671
34085462,2642800.649,624781.4080000001
10549013,2642595.563,625025.312
10548903,2638753.458,624478.352
34092155,2641887.709,628580.452
10548925,2641992.87,628610.877
20456673,2645880.954,635647.708
10579196,2648021.54,626604.125
10558579,2646589.648,635472.352
34085038,2647750.067,626864.314
34085371,2639503.392,624268.716
10548992,2639487.494,624408.892
10539784,2641938.057,629235.547
20409718,2641816.22,629512.385
10558572,2648379.064,635135.96
10522509,2644021.59,625594.031
10549310,2644276.95,625605.618
10573638,2638129.119,624231.814
10548984,2638110.58,624249.138
10542105,2643045.005,625713.929
40156534,2651011.561,625654.861
10547826,2642479.395,630268.161
34086797,2642463.581,630274.194
34085261,2646907.379,625645.298
20396672,2641560.831,631414.998
10573495,2645148.624,625516.2169999999
10558567,2644996.075,631564.9399999999
10548977,2638440.881,624861.048
10548935,2642020.791,628670.314
40013232,2643945.438,630684.748
10585091,2643048.697,630779.456
34054965,2640539.328,630481.456
10572328,2642247.968,635343.75
10571603,2642075.558,635368.535
40014845,2644427.732,630914.752
10549287,2646747.399,626353.889
10548963,2639485.479,625267.2070000001
10548962,2639613.011,625202.709
10529606,2642255.422,635596.392
34097394,2644192.991,629889.007
34086384,2646273.103,635353.606
10549282,2647689.329,626867.429
20344325,2641790.387,630536.807
10560401,2640949.584,624612.941
10558553,2643494.808,630360.659
10549278,2647346.705,626824.722
10548957,2639723.834,626381.505
10548954,2639840.097,626441.084
10524870,2645074.963,635608.124
10559451,2642511.128,634501.52
34096667,2642498.784,634499.73
34096668,2641996.541,633526.155
34086320,2642074.126,633285.197
20114727,2642750.475,626181.493
34084661,2640584.846,625223.0870000001
10559783,2640795.479,624972.618
10558547,2645978.623,633716.024
10549265,2642995.024,627322.415
10548949,2640131.548,626002.361
10548948,2640089.327,625958.596
34095669,2643266.928,625103.358
10522508,2643492.824,625237.034
34095667,2645343.585,628462.676
34086309,2643376.88,633991.575
34084662,2640933.722,624856.3540000001
34087254,2642058.348,630484.495
10559589,2644172.536,626530.741
10558541,2645551.479,633249.0870000001
10549259,2644458.648,628518.124
10558521,2648252.016,634674.4300000001
10549250,2643913.663,628368.3
10548926,2642031.199,628625.482
10548911,2638716.711,624499.4620000001
34095651,2638944.685,624741.9350000001
10549311,2644045.01,625322.12
34054978,2642034.154,630294.5699999999
34057799,2642004.367,630291.661
10580155,2641331.316,631900.187
34086798,2642582.174,634509.4939999999
10558514,2645575.331,632722.1090000001
10548930,2642539.807,628826.7929999999
10548928,2642522.371,628811.252
34095592,2642259.864,628689.8909999999
10549226,2643826.793,628793.772
34086010,2643816.798,628646.24
34054992,2641686.489,630283.801
34085264,2645621.694,625544.968
10579847,2646467.32,625262.389
34086310,2643133.668,633826.4080000001
10559394,2642799.382,633768.84
10558506,2643496.239,629705.947
10549231,2643896.612,629124.653
10548922,2642835.145,628920.254
34095580,2642127.513,626949.464
34095655,2643504.453,628075.829
34085951,2643286.869,628090.576
20344332,2640903.343,629851.8199999999
10579840,2644121.082,627010.397
34086305,2644796.447,633756.8050000001
10559387,2644878.261,633948.4889999999
10549224,2643663.564,628125.809
10548916,2640117.652,626025.727
10579234,2649983.44,626614.992
34092154,2650191.549,626963.501
34054970,2641212.876,630694.02
34086304,2645284.436,633516.524
34086298,2642926.07,630042.969
10548910,2641096.061,627289.048
10540312,2641395.165,632197.625
34090083,2641381.579,632259.559
10549269,2645526.393,625990.252
34085442,2645831.622,626131.901
34054963,2640528.034,630231.394
10579842,2644978.731,626685.341
10579829,2644806.535,626833.449
10558586,2647124.264,634730.714
10556737,2649161.385,626900.339
10549016,2642789.758,624724.405
10549015,2642782.071,624484.942
10548979,2639265.932,624909.0550000001
10548917,2641011.386,626991.227
34085352,2641233.518,627232.97
20456674,2646186.552,635697.564
10579071,2649626.311,626355.637
10579231,2649485.958,626669.578
10552942,2642747.04,633345.549
10548993,2638301.022,624528.8370000001
10545502,2644562.378,626906.366
34086806,2646936.286,630304.915
20409719,2641610.352,629134.492
34095664,2652033.359,624906.861
10549270,2652033.977,624529.02
10548985,2637983.307,624413.534
40156536,2651057.895,626160.409
20396674,2641578.252,631393.304
10579900,2638129.801,623243.632
34084957,2645228.723,625987.844
10548980,2639197.382,624979.518
40013233,2643919.913,630691.58
34086410,2645627.783,632819.482
34085045,2647116.15,628198.333
34054964,2640528.887,630341.9790000001
20344368,2640138.605,630297.14
34086322,2642253.587,635608.731
10529607,2642345.393,635870.398
34097395,2644382.487,630329.548
34095648,2640205.75,625378.998
10560402,2640304.043,625712.583
10558554,2644006.17,630302.197
10548955,2639867.695,626015.456
10524883,2645094.969,635591.902
34097297,2641953.525,633758.781
20114730,2642757.484,626146.201
34095654,2639839.447,625496.1580000001
10559784,2640025.262,625432.147
34097397,2643860.143,630046.5550000001
10558548,2643826.203,630069.21
10549266,2646899.824,625655.209
34084952,2644798.709,626585.29
20028684,2642262.531,630344.194
10558542,2645554.301,632736.79
10549260,2643350.476,627464.688
10548944,2641035.748,626989.201
10548943,2641256.795,626987.0919999999
34095662,2644689.802,626731.563
10574853,2646861.484,635481.509
34086303,2646849.19,635483.738
10559562,2644558.341,629520.335
10559560,2644583.271,629536.816
10549251,2643621.638,628107.519
10548937,2642285.568,628726.713
10560492,2639824.42,625499.376
10548945,2641870.764,627837.117
34084591,2641910.314,627811.024
10580163,2641318.644,631929.061
10549246,2643861.225,628644.5379999999
10549245,2644140.522,628625.329
34095643,2641307.963,627517.143
10559396,2643966.571,633470.009
10558507,2643258.129,629878.323
10549232,2644174.037,629190.721
10549253,2643707.419,628124.254
10559389,2645158.009,633316.052
10558482,2642470.139,630222.496
10558481,2642449.381,630120.976
34095658,2643816.481,628633.099
10523032,2647744.291,630473.6679999999
34054971,2641267.842,630435.351
10579830,2645175.424,626787.0870000001
34090086,2643112.293,629952.799
34085461,2642331.47,626213.0699999999
10556738,2649145.575,626927.025
10548905,2638681.99,624659.627
34090003,2639054.017,624857.887
34085370,2639092.594,624902.035
10558568,2645261.68,631784.968
20494025,2645675.97,631763.8959999999
10558581,2647470.42,634902.428
10548994,2638385.159,624676.513
10545682,2644696.491,626721.045
34086829,2641512.522,630985.019
34057718,2641312.79,627709.211
20410383,2640962.576,627936.892
10579069,2652058.016,625320.513
10558575,2647022.097,635452.04
10549312,2644067.943,625009.306
10548986,2639168.719,624511.486
10542412,2652264.267,624860.791
34086800,2643332.008,630646.7659999999
10549295,2645351.273,625813.557
34085263,2645453.682,625651.427
20396677,2641603.019,631318.124
10540313,2641379.364,632285.616
34086413,2645868.603,635649.409
34085046,2646932.816,628191.389
10558562,2645417.545,630857.3689999999
34085047,2645695.721,626381.654
10529608,2643029.074,635668.742
34097396,2643539.512,629684.503
34085041,2648021.54,626840.468
10559938,2639792.694,625485.768
10558556,2644104.744,630587.334
10549283,2646114.76,626306.666
10548956,2639770.588,626157.265
10525295,2645136.942,635304.008
34086324,2642675.719,630167.218
34085033,2639764.889,626167.792
20122385,2644280.385,635974.0379999999
10548951,2639953.055,625797.951
10548950,2640092.917,625801.833
20028685,2642039.199,629666.9449999999
10559591,2639926.326,625661.151
10549261,2643153.963,627535.878
34095663,2645842.938,626137.098
10558523,2649457.873,635156.057
10549252,2642857.552,628162.044
10548938,2642285.302,629214.28
34086299,2642969.065,630020.023
10559506,2644143.555,629897.8370000001
34086012,2645884.993,628579.675
10579975,2644848.634,635574.0159999999
10559398,2642155.138,634872.576
10558509,2643852.561,630036.6629999999
10549240,2643162.899,629001.6310000001
10549239,2643226.674,628773.497
34095588,2639553.71,624915.262
34054977,2641965.325,630118.791
10559390,2645560.75,633731.228
34090753,2641457.337,627474.751
34085490,2643113.879,626880.813
34084953,2644405.9,626437.6850000001
10579831,2644435.589,626289.708
10558646,2645096.167,630529.276
10556739,2649252.578,627539.357
20494026,2646477.169,631937.47
10579373,2651876.766,624914.9570000001
10558582,2648200.247,635001.72
10573328,2645015.37,625531.177
34085340,2644810.405,625501.1949999999
10549313,2643244.499,625454.827
10560616,2643490.963,630563.2929999999
10558569,2644923.854,631617.374
10548981,2639623.601,624797.252
10540314,2641393.026,632512.037
10549284,2645819.967,626175.9790000001
20344372,2639915.8,630413.331
10549290,2645971.705,626547.639
10532582,2650273.375,630561.991
10558557,2643851.042,630603.324
10526702,2643979.574,625672.553
20251418,2643165.383,631026.013
10558550,2644035.502,629951.784
34096113,2645374.688,632861.081
10559592,2641737.899,625363.366
10558544,2644958.863,633111.374
34084663,2640194.14,625382.831
10559574,2645035.97,629399.145
10548939,2642843.424,628164.7070000001
10580377,2646827.601,628017.569
10559507,2644527.144,630648.9300000001
10579843,2645159.391,626558.911
sec_10559391,0,0
sec_10558483,0,0
sec_34092313,0,0
sec_34085491,0,0
sec_34054972,0,0
sec_10559275,0,0
sec_34085468,0,0
sec_10549020,0,0
sec_10548907,0,0
sec_10555985,0,0
sec_10548988,0,0
sec_10543795,0,0
sec_34086801,0,0
sec_34085286,0,0
sec_10574854,0,0
sec_10548982,0,0
sec_34086794,0,0
sec_34085048,0,0
sec_20350796,0,0
sec_10548968,0,0
sec_10532911,0,0
sec_34097398,0,0
sec_34085042,0,0
sec_20344333,0,0
sec_10560618,0,0
sec_10549285,0,0
sec_10526890,0,0
sec_34097392,0,0
sec_34085036,0,0
sec_20251419,0,0
sec_10560337,0,0
sec_10558551,0,0
sec_10524061,0,0
sec_34096115,0,0
sec_34086318,0,0
sec_34084954,0,0
sec_10558545,0,0
sec_10549263,0,0
sec_34095665,0,0
sec_34086306,0,0
sec_34084664,0,0
sec_20014991,0,0
sec_10559587,0,0
sec_10549255,0,0
sec_10548940,0,0
sec_34095659,0,0
sec_34086300,0,0
sec_10580378,0,0
sec_10549248,0,0
sec_10548933,0,0
sec_34086016,0,0
sec_34057797,0,0
sec_10579978,0,0
sec_10549241,0,0
sec_10548927,0,0
sec_34095590,0,0
sec_34054979,0,0
sec_10559392,0,0
sec_34095281,0,0
sec_10579833,0,0
sec_10559385,0,0
sec_34090007,0,0
sec_34085401,0,0
sec_34054927,0,0
sec_10556735,0,0
sec_10548901,0,0
sec_34087256,0,0
sec_20437314,0,0
sec_10579185,0,0
sec_10548989,0,0
sec_34086802,0,0
sec_10549309,0,0
sec_10548983,0,0
sec_10541616,0,0
sec_40154810,0,0
sec_34086796,0,0
sec_34085260,0,0
sec_10558565,0,0
sec_10549286,0,0
sec_10548961,0,0
sec_10528321,0,0
sec_34097393,0,0
sec_34086383,0,0
sec_10560338,0,0
sec_10549276,0,0
sec_10548953,0,0
sec_34096116,0,0
sec_10559735,0,0
sec_10548947,0,0
sec_34086307,0,0
sec_34084665,0,0
sec_20014992,0,0
sec_10559588,0,0
sec_10549258,0,0
sec_10548941,0,0
sec_34095660,0,0
sec_34086301,0,0
sec_34084602,0,0
sec_34095650,0,0
sec_34057798,0,0
sec_10580150,0,0
sec_10559407,0,0
sec_34095591,0,0
sec_34054980,0,0
sec_10579845,0,0
sec_10559393,0,0
sec_34085493,0,0
sec_34054974,0,0
sec_10559386,0,0
sec_10558477,0,0
sec_10549223,0,0
sec_10559057,0,0
sec_10558215,0,0
sec_34085402,0,0
sec_34054962,0,0
sec_10556736,0,0
sec_10549013,0,0
sec_20456673,0,0
sec_10579196,0,0
sec_10558579,0,0
sec_10548992,0,0
sec_10545431,0,0
sec_34086805,0,0
sec_34085312,0,0
sec_20409718,0,0
sec_10549310,0,0
sec_34086797,0,0
sec_10573495,0,0
sec_10549293,0,0
sec_10548977,0,0
sec_34085044,0,0
sec_10571603,0,0
sec_10549287,0,0
sec_10548962,0,0
sec_10529606,0,0
sec_34097394,0,0
sec_34086384,0,0
sec_10560401,0,0
sec_10558553,0,0
sec_10549278,0,0
sec_10548954,0,0
sec_34084956,0,0
sec_10559783,0,0
sec_10558547,0,0
sec_10548948,0,0
sec_10522508,0,0
sec_34095667,0,0
sec_34084666,0,0
sec_10559589,0,0
sec_10549259,0,0
sec_34084616,0,0
sec_10559558,0,0
sec_10549250,0,0
sec_34095651,0,0
sec_10559451,0,0
sec_34054992,0,0
sec_10579847,0,0
sec_10559394,0,0
sec_34095580,0,0
sec_34085951,0,0
sec_34054975,0,0
sec_10579840,0,0
sec_10559387,0,0
sec_34092154,0,0
sec_10559090,0,0
sec_10548910,0,0
sec_34085442,0,0
sec_10579829,0,0
sec_10558586,0,0
sec_10549015,0,0
sec_34085352,0,0
sec_20456674,0,0
sec_10579231,0,0
sec_10558580,0,0
sec_10552942,0,0
sec_10545502,0,0
sec_34086806,0,0
sec_10558573,0,0
sec_10548985,0,0
sec_40156536,0,0
sec_34085262,0,0
sec_10549294,0,0
sec_10548979,0,0
sec_10540312,0,0
sec_34086410,0,0
sec_34085045,0,0
sec_10529607,0,0
sec_34097395,0,0
sec_34086400,0,0
sec_10560402,0,0
sec_34096668,0,0
sec_34084957,0,0
sec_20114730,0,0
sec_10559784,0,0
sec_10549266,0,0
sec_34095668,0,0
sec_34086309,0,0
sec_34086303,0,0
sec_34084661,0,0
sec_34095654,0,0
sec_34086019,0,0
sec_34084591,0,0
sec_10559487,0,0
sec_10549245,0,0
sec_34095643,0,0
sec_34055522,0,0
sec_10559396,0,0
sec_10558507,0,0
sec_10549232,0,0
sec_34095581,0,0
sec_34085952,0,0
sec_34054976,0,0
sec_10559389,0,0
sec_10558481,0,0
sec_34092234,0,0
sec_34085489,0,0
sec_10579830,0,0
sec_10558471,0,0
sec_10548911,0,0
sec_34090086,0,0
sec_34090003,0,0
sec_20494025,0,0
sec_10579234,0,0
sec_10558581,0,0
sec_10548994,0,0
sec_10545682,0,0
sec_34085321,0,0
sec_10558575,0,0
sec_10549312,0,0
sec_10548986,0,0
sec_10542412,0,0
sec_34085263,0,0
sec_20396677,0,0
sec_34085046,0,0
sec_10558562,0,0
sec_10549289,0,0
sec_10548965,0,0
sec_10529608,0,0
sec_34097396,0,0
sec_34086401,0,0
sec_34085040,0,0
sec_20344331,0,0
sec_10548956,0,0
sec_10525295,0,0
sec_34086324,0,0
sec_20122385,0,0
sec_10549269,0,0
sec_10548950,0,0
sec_10523032,0,0
sec_34086310,0,0
sec_34084952,0,0
sec_20028685,0,0
sec_10559591,0,0
sec_10549261,0,0
sec_10558523,0,0
sec_10548938,0,0
sec_34095655,0,0
sec_10548931,0,0
sec_34057718,0,0
sec_10559398,0,0
sec_10558509,0,0
sec_10549239,0,0
sec_34095588,0,0
sec_34085953,0,0
sec_10559390,0,0
sec_10549226,0,0
sec_34085490,0,0
sec_34054971,0,0
sec_10579831,0,0
sec_34090753,0,0
sec_34085462,0,0
sec_34054965,0,0
sec_10558646,0,0
sec_10556739,0,0
sec_10549018,0,0
sec_34090004,0,0
sec_34085371,0,0
sec_20494026,0,0
sec_10579373,0,0
sec_10558582,0,0
sec_34087254,0,0
sec_34085340,0,0
sec_20416460,0,0
sec_10558576,0,0
sec_10549313,0,0
sec_34086800,0,0
sec_34085264,0,0
sec_10548981,0,0
sec_10540314,0,0
sec_34086415,0,0
sec_34085047,0,0
sec_20344372,0,0
sec_10573328,0,0
sec_10549290,0,0
sec_34086402,0,0
sec_34085041,0,0
sec_20344332,0,0
sec_10560616,0,0
sec_10558557,0,0
sec_10526702,0,0
sec_34097297,0,0
sec_34085035,0,0
sec_20251418,0,0
sec_10560281,0,0
sec_10558550,0,0
sec_34096113,0,0
sec_34084953,0,0
sec_10559592,0,0
sec_10558544,0,0
sec_10548945,0,0
sec_34084663,0,0
sec_10585091,0,0
sec_10559574,0,0
sec_10548939,0,0
sec_34095658,0,0
sec_34086299,0,0
sec_10559507,0,0
sec_34057775,0,0
sec_34054978,0,0
sec_10579843,0,0
ld_10559391,0,0
ld_10558483,0,0
ld_34092313,0,0
ld_34085491,0,0
ld_34054972,0,0
ld_10559275,0,0
ld_34085468,0,0
ld_10549020,0,0
ld_10548907,0,0
ld_10555985,0,0
ld_10548988,0,0
ld_10543795,0,0
ld_34086801,0,0
ld_34085286,0,0
ld_10574854,0,0
ld_10548982,0,0
ld_34086794,0,0
ld_34085048,0,0
ld_20350796,0,0
ld_10548968,0,0
ld_10532911,0,0
ld_34097398,0,0
ld_34085042,0,0
ld_20344333,0,0
ld_10560618,0,0
ld_10549285,0,0
ld_10526890,0,0
ld_34097392,0,0
ld_34085036,0,0
ld_20251419,0,0
ld_10560337,0,0
ld_10558551,0,0
ld_10524061,0,0
ld_34096115,0,0
ld_34086318,0,0
ld_34084954,0,0
ld_10558545,0,0
ld_10549263,0,0
ld_34095665,0,0
ld_34086306,0,0
ld_34084664,0,0
ld_20014991,0,0
ld_10559587,0,0
ld_10549255,0,0
ld_10548940,0,0
ld_34095659,0,0
ld_34086300,0,0
ld_10580378,0,0
ld_10549248,0,0
ld_10548933,0,0
ld_34086016,0,0
ld_34057797,0,0
ld_10579978,0,0
ld_10549241,0,0
ld_10548927,0,0
ld_34095590,0,0
ld_34054979,0,0
ld_10559392,0,0
ld_34095281,0,0
ld_10579833,0,0
ld_10559385,0,0
ld_34090007,0,0
ld_34085401,0,0
ld_34054927,0,0
ld_10556735,0,0
ld_10548901,0,0
ld_34087256,0,0
ld_20437314,0,0
ld_10579185,0,0
ld_10548989,0,0
ld_34086802,0,0
ld_10549309,0,0
ld_10548983,0,0
ld_10541616,0,0
ld_40154810,0,0
ld_34086796,0,0
ld_34085260,0,0
ld_10558565,0,0
ld_10549286,0,0
ld_10548961,0,0
ld_10528321,0,0
ld_34097393,0,0
ld_34086383,0,0
ld_10560338,0,0
ld_10549276,0,0
ld_10548953,0,0
ld_34096116,0,0
ld_10559735,0,0
ld_10548947,0,0
ld_34086307,0,0
ld_34084665,0,0
ld_20014992,0,0
ld_10559588,0,0
ld_10549258,0,0
ld_10548941,0,0
ld_34095660,0,0
ld_34086301,0,0
ld_34084602,0,0
ld_34095650,0,0
ld_34057798,0,0
ld_10580150,0,0
ld_10559407,0,0
ld_34095591,0,0
ld_34054980,0,0
ld_10579845,0,0
ld_10559393,0,0
ld_34085493,0,0
ld_34054974,0,0
ld_10559386,0,0
ld_10558477,0,0
ld_10549223,0,0
ld_10559057,0,0
ld_10558215,0,0
ld_34085402,0,0
ld_34054962,0,0
ld_10556736,0,0
ld_10549013,0,0
ld_20456673,0,0
ld_10579196,0,0
ld_10558579,0,0
ld_10548992,0,0
ld_10545431,0,0
ld_34086805,0,0
ld_34085312,0,0
ld_20409718,0,0
ld_10549310,0,0
ld_34086797,0,0
ld_10573495,0,0
ld_10549293,0,0
ld_10548977,0,0
ld_34085044,0,0
ld_10571603,0,0
ld_10549287,0,0
ld_10548962,0,0
ld_10529606,0,0
ld_34097394,0,0
ld_34086384,0,0
ld_10560401,0,0
ld_10558553,0,0
ld_10549278,0,0
ld_10548954,0,0
ld_34084956,0,0
ld_10559783,0,0
ld_10558547,0,0
ld_10548948,0,0
ld_10522508,0,0
ld_34095667,0,0
ld_34084666,0,0
ld_10559589,0,0
ld_10549259,0,0
ld_34084616,0,0
ld_10559558,0,0
ld_10549250,0,0
ld_34095651,0,0
ld_10559451,0,0
ld_34054992,0,0
ld_10579847,0,0
ld_10559394,0,0
ld_34095580,0,0
ld_34085951,0,0
ld_34054975,0,0
ld_10579840,0,0
ld_10559387,0,0
ld_34092154,0,0
ld_10559090,0,0
ld_10548910,0,0
ld_34085442,0,0
ld_10579829,0,0
ld_10558586,0,0
ld_10549015,0,0
ld_34085352,0,0
ld_20456674,0,0
ld_10579231,0,0
ld_10558580,0,0
ld_10552942,0,0
ld_10545502,0,0
ld_34086806,0,0
ld_10558573,0,0
ld_10548985,0,0
ld_40156536,0,0
ld_34085262,0,0
ld_10549294,0,0
ld_10548979,0,0
ld_10540312,0,0
ld_34086410,0,0
ld_34085045,0,0
ld_10529607,0,0
ld_34097395,0,0
ld_34086400,0,0
ld_10560402,0,0
ld_34096668,0,0
ld_34084957,0,0
ld_20114730,0,0
ld_10559784,0,0
ld_10549266,0,0
ld_34095668,0,0
ld_34086309,0,0
ld_34086303,0,0
ld_34084661,0,0
ld_34095654,0,0
ld_34086019,0,0
ld_34084591,0,0
ld_10559487,0,0
ld_10549245,0,0
ld_34095643,0,0
ld_34055522,0,0
ld_10559396,0,0
ld_10558507,0,0
ld_10549232,0,0
ld_34095581,0,0
ld_34085952,0,0
ld_34054976,0,0
ld_10559389,0,0
ld_10558481,0,0
ld_34092234,0,0
ld_34085489,0,0
ld_10579830,0,0
ld_10558471,0,0
ld_10548911,0,0
ld_34090086,0,0
ld_34090003,0,0
ld_20494025,0,0
ld_10579234,0,0
ld_10558581,0,0
ld_10548994,0,0
ld_10545682,0,0
ld_34085321,0,0
ld_10558575,0,0
ld_10549312,0,0
ld_10548986,0,0
ld_10542412,0,0
ld_34085263,0,0
ld_20396677,0,0
ld_34085046,0,0
ld_10558562,0,0
ld_10549289,0,0
ld_10548965,0,0
ld_10529608,0,0
ld_34097396,0,0
ld_34086401,0,0
ld_34085040,0,0
ld_20344331,0,0
ld_10548956,0,0
ld_10525295,0,0
ld_34086324,0,0
ld_20122385,0,0
ld_10549269,0,0
ld_10548950,0,0
ld_10523032,0,0
ld_34086310,0,0
ld_34084952,0,0
ld_20028685,0,0
ld_10559591,0,0
ld_10549261,0,0
ld_10558523,0,0
ld_10548938,0,0
ld_34095655,0,0
ld_10548931,0,0
ld_34057718,0,0
ld_10559398,0,0
ld_10558509,0,0
ld_10549239,0,0
ld_34095588,0,0
ld_34085953,0,0
ld_10559390,0,0
ld_10549226,0,0
ld_34085490,0,0
ld_34054971,0,0
ld_10579831,0,0
ld_34090753,0,0
ld_34085462,0,0
ld_34054965,0,0
ld_10558646,0,0
ld_10556739,0,0
ld_10549018,0,0
ld_34090004,0,0
ld_34085371,0,0
ld_20494026,0,0
ld_10579373,0,0
ld_10558582,0,0
ld_34087254,0,0
ld_34085340,0,0
ld_20416460,0,0
ld_10558576,0,0
ld_10549313,0,0
ld_34086800,0,0
ld_34085264,0,0
ld_10548981,0,0
ld_10540314,0,0
ld_34086415,0,0
ld_34085047,0,0
ld_20344372,0,0
ld_10573328,0,0
ld_10549290,0,0
ld_34086402,0,0
ld_34085041,0,0
ld_20344332,0,0
ld_10560616,0,0
ld_10558557,0,0
ld_10526702,0,0
ld_34097297,0,0
ld_34085035,0,0
ld_20251418,0,0
ld_10560281,0,0
ld_10558550,0,0
ld_34096113,0,0
ld_34084953,0,0
ld_10559592,0,0
ld_10558544,0,0
ld_10548945,0,0
ld_34084663,0,0
ld_10585091,0,0
ld_10559574,0,0
ld_10548939,0,0
ld_34095658,0,0
ld_34086299,0,0
ld_10559507,0,0
ld_34057775,0,0
ld_34054978,0,0
ld_10579843,0,0
