name,enabled,n_phases,n_conds,base_freq,terminal1,terminal2,length,units,line_code,geometry
k21_feeder,true,3,3,60,k_lsb.1.2.3.0,k21.1.2.3.0,0.001,ft,,
k22_feeder,true,3,3,60,k_lsb,k22,0.001,ft,,
oh_10559391,true,1,1,60,34097296.1.0,10559391.1.0,117.943141,m,oh-1ph_1/0ar,
oh_10558483,true,1,1,60,10558484.2.0,10558483.2.0,139.624403,m,oh-1ph_1/0ar,
oh_10549227,true,3,3,60,10548932.1.2.3.0,10549227.1.2.3.0,33.488829,m,oh-3ph_795aa,
oh_10548919,true,3,3,60,10548918.1.2.3.0,10548919.1.2.3.0,87.900111,m,oh-3ph_397aa,
oh_34092313,true,1,1,60,34092234.3.0,34092313.3.0,67.548075,m,oh-1ph_4ar,
oh_34085491,true,3,3,60,34095660.1.2.3.0,34085491.1.2.3.0,76.12840199999999,m,oh-3ph_795aa,
ug_34054972,true,1,1,60,34057797.3.0,34054972.3.0,84.069266,m,ug-1ph_1/0urd,
oh_10579832,true,1,1,60,10548007.3.0,10579832.3.0,7.700547,m,oh-1ph_1/0ar,
oh_10559275,true,1,1,60,34086311.1.0,10559275.1.0,98.72335699999999,m,oh-1ph_1/0ar,
oh_10558475,true,3,3,60,10558476.1.2.3.0,10558475.1.2.3.0,8.193699000000001,m,oh-3ph_1/0ar,
oh_10549221,true,3,3,60,10549222.1.2.3.0,10549221.1.2.3.0,62.979628,m,oh-3ph_795aa,
oh_10548913,true,3,3,60,10548912.1.2.3.0,10548913.1.2.3.0,127.239373,m,oh-3ph_397aa,
oh_34091314,true,1,1,60,10559587.3.0,34091314.3.0,3.799378,m,oh-1ph_1/0ar,
oh_34085468,true,1,1,60,34085954.3.0,34085468.3.0,597.943725,m,oh-1ph_4ar,
ug_34054966,true,1,1,60,20344367.2.0,34054966.2.0,8.414458,m,ug-1ph_1/0urd,
oh_10558958,true,1,1,60,10558517.1.0,10558958.1.0,7.269772,m,oh-1ph_6cu,
oh_10557182,true,3,3,60,10557802.1.2.3.0,10557182.1.2.3.0,47.292251,m,oh-3ph_795aa,
oh_10549020,true,1,1,60,20079696.3.0,10549020.3.0,95.70423,m,oh-1ph_6cu,
oh_10548907,true,3,3,60,34095590.1.2.3.0,10548907.1.2.3.0,151.303085,m,oh-3ph_2cu,
oh_34090005,true,3,3,60,10548965.1.2.3.0,34090005.1.2.3.0,4.042566,m,oh-3ph_1/0ar,
oh_34085372,true,1,1,60,10548983.1.0,34085372.1.0,5.372673,m,oh-1ph_1/0ar,
ug_34054542,true,1,1,60,20416460.1.0,34054542.1.0,82.64467399999999,m,ug-1ph_1/0urd,
oh_10579447,true,3,3,60,20396671.1.2.3.0,10579447.1.2.3.0,8.530931000000001,m,oh-3ph_4ar,
oh_10558583,true,1,1,60,10558520.2.0,10558583.2.0,7.279494,m,oh-1ph_1/0ar,
oh_10555985,true,1,1,60,34091315.3.0,10555985.3.0,171.943006,m,oh-1ph_6cu,
oh_10549010,true,3,3,60,10549011.1.2.3.0,10549010.1.2.3.0,17.276715,m,oh-3ph_795aa,
oh_10548007,true,3,3,60,34084951.1.2.3.0,10548007.1.2.3.0,63.574085,m,oh-3ph_4/0aa,
oh_34087255,true,3,3,60,10558471.1.2.3.0,34087255.1.2.3.0,4.478293,m,oh-3ph_4ar,
oh_34085341,true,3,3,60,10549294.1.2.3.0,34085341.1.2.3.0,3.795505,m,oh-3ph_4/0aa,
oh_20437313,true,1,1,60,34086019.1.0,20437313.1.0,216.824991,m,oh-1ph_4ar,
oh_10579118,true,1,1,60,34085040.1.0,10579118.1.0,127.140421,m,oh-1ph_4ar,
oh_10558577,true,1,1,60,34086404.3.0,10558577.3.0,92.91218600000001,m,oh-1ph_4ar,
oh_10549426,true,1,1,60,10579019.2.0,10549426.2.0,13.790658,m,oh-1ph_1/0ar,
oh_10548988,true,1,1,60,10548987.2.0,10548988.2.0,72.648168,m,oh-1ph_1/0ar,
oh_10543795,true,3,3,60,10540779.1.2.3.0,10543795.1.2.3.0,82.814673,m,oh-3ph_4/0aa,
oh_34086801,true,1,1,60,10558563.3.0,34086801.3.0,112.453374,m,oh-1ph_1/0ar,
oh_34085286,true,3,3,60,10549229.1.2.3.0,34085286.1.2.3.0,4.610233,m,oh-3ph_795aa,
oh_20396847,true,1,1,60,34095644.1.0,20396847.1.0,7.242332,m,oh-1ph_1/0ar,
oh_10574854,true,1,1,60,10574852.3.0,10574854.3.0,39.272164,m,oh-1ph_1/0ar,
oh_10558570,true,1,1,60,34086415.3.0,10558570.3.0,282.773093,m,oh-1ph_1/0ar,
oh_10549307,true,1,1,60,10549217.2.0,10549307.2.0,7.677543,m,oh-1ph_4ar,
oh_10548982,true,1,1,60,34085372.1.0,10548982.1.0,67.28056599999999,m,oh-1ph_1/0ar,
oh_10540779,true,3,3,60,10549220.1.2.3.0,10540779.1.2.3.0,13.2246,m,oh-3ph_4/0aa,
oh_40152453,true,1,1,60,34086011.1.0,40152453.1.0,37.963596,m,oh-1ph_1/0ar,
oh_34086794,true,1,1,60,20344371.2.0,34086794.2.0,49.560183,m,oh-1ph_1/0ar,
oh_34085048,true,1,1,60,10549289.3.0,34085048.3.0,70.245096,m,oh-1ph_1/0ar,
oh_20350796,true,1,1,60,34084593.2.0,20350796.2.0,63.046173,m,oh-1ph_1/0ar,
oh_10573492,true,1,1,60,10573493.3.0,10573492.3.0,33.117836,m,oh-1ph_1/0ar,
oh_10558564,true,1,1,60,10558560.3.0,10558564.3.0,7.629393,m,oh-1ph_1/0ar,
oh_10549291,true,1,1,60,10549274.2.0,10549291.2.0,12.893357,m,oh-1ph_1/0ar,
oh_10548968,true,1,1,60,10548967.1.0,10548968.1.0,32.707558,m,oh-1ph_1/0ar,
oh_10532911,true,1,1,60,10561915.3.0,10532911.3.0,192.528912,m,oh-1ph_1/0ar,
oh_34097398,true,1,1,60,34086302.3.0,34097398.3.0,65.061204,m,oh-1ph_6cu,
oh_34086403,true,3,3,60,10558517.1.2.3.0,34086403.1.2.3.0,57.405913,m,oh-3ph_795aa,
oh_34085042,true,1,1,60,34085321.1.0,34085042.1.0,93.506829,m,oh-1ph_4ar,
ug_20344333,true,1,1,60,34055522.1.0,20344333.1.0,160.54906,m,ug-1ph_1/0urd,
oh_10560618,true,1,1,60,34086799.3.0,10560618.3.0,78.35821,m,oh-1ph_1/0ar,
oh_10558558,true,1,1,60,10558559.2.0,10558558.2.0,9.070396000000001,m,oh-1ph_1/0ar,
oh_10549285,true,1,1,60,10549291.2.0,10549285.2.0,63.498262,m,oh-1ph_1/0ar,
oh_10548960,true,1,1,60,34085480.2.0,10548960.2.0,9.036101,m,oh-1ph_1/0ar,
oh_10526890,true,3,3,60,10558524.1.2.3.0,10526890.1.2.3.0,53.695567,m,oh-3ph_1/0ar,
oh_34097392,true,1,1,60,34086805.3.0,34097392.3.0,114.885384,m,oh-1ph_4ar,
oh_34086382,true,1,1,60,10524061.3.0,34086382.3.0,70.669954,m,oh-1ph_1/0ar,
oh_34085036,true,3,3,60,34085037.1.2.3.0,34085036.1.2.3.0,94.77111499999999,m,oh-3ph_4/0aa,
oh_20251419,true,1,1,60,34086405.3.0,20251419.3.0,52.661933,m,oh-1ph_1/0ar,
oh_10560337,true,1,1,60,34095649.2.0,10560337.2.0,64.15553800000001,m,oh-1ph_1/0ar,
oh_10558551,true,1,1,60,10558549.1.0,10558551.1.0,43.55428,m,oh-1ph_1/0ar,
oh_10549274,true,3,3,60,34085035.1.2.3.0,10549274.1.2.3.0,56.153464,m,oh-3ph_4/0aa,
oh_10548952,true,1,1,60,10548909.1.0,10548952.1.0,9.522562000000001,m,oh-1ph_1/0ar,
oh_10524061,true,1,1,60,34086401.3.0,10524061.3.0,87.30214700000001,m,oh-1ph_1/0ar,
oh_34096115,true,3,3,60,10558560.1.2.3.0,34096115.1.2.3.0,93.08282699999999,m,oh-3ph_795aa,
oh_34086318,true,3,3,60,10558469.1.2.3.0,34086318.1.2.3.0,3.487981,m,oh-3ph_4ar,
oh_34084954,true,1,1,60,10579841.2.0,34084954.2.0,50.968706,m,oh-1ph_1/0ar,
oh_20079698,true,3,3,60,34085342.1.2.3.0,20079698.1.2.3.0,29.501515,m,oh-3ph_1/0ar,
oh_10559617,true,1,1,60,34084666.2.0,10559617.2.0,44.209203,m,oh-1ph_4ar,
oh_10558545,true,1,1,60,10558543.2.0,10558545.2.0,41.969702,m,oh-1ph_1/0ar,
oh_10549263,true,1,1,60,10549262.1.0,10549263.1.0,13.894296,m,oh-1ph_1/0ar,
oh_10548946,true,2,2,60,10548919.2.3.0,10548946.2.3.0,7.654034,m,oh-2ph_1/0ar,
oh_34095665,true,1,1,60,34085262.2.0,34095665.2.0,53.938022,m,oh-1ph_4ar,
oh_34086306,true,1,1,60,10559090.1.0,34086306.1.0,50.564577,m,oh-1ph_6cu,
oh_34084664,true,1,1,60,34095650.2.0,34084664.2.0,76.326116,m,oh-1ph_4ar,
oh_20014991,true,3,3,60,10548934.1.2.3.0,20014991.1.2.3.0,71.426759,m,oh-3ph_1/0ar,
oh_10559587,true,1,1,60,10559590.3.0,10559587.3.0,135.170917,m,oh-1ph_1/0ar,
oh_10558525,true,3,3,60,10558515.1.2.3.0,10558525.1.2.3.0,54.309948,m,oh-3ph_1/0ar,
oh_10549255,true,1,1,60,34095666.3.0,10549255.3.0,213.541266,m,oh-1ph_4ar,
oh_10548940,true,1,1,60,34095581.2.0,10548940.2.0,195.275256,m,oh-1ph_1/0ar,
oh_34095659,true,3,3,60,10549219.1.2.3.0,34095659.1.2.3.0,91.671964,m,oh-3ph_795aa,
oh_34086300,true,3,3,60,10558522.1.2.3.0,34086300.1.2.3.0,3.809966,m,oh-3ph_795aa,
oh_34084601,true,3,3,60,34084602.1.2.3.0,34084601.1.2.3.0,36.76732,m,oh-3ph_1/0ar,
oh_10580378,true,1,1,60,10578709.2.0,10580378.2.0,86.981739,m,oh-1ph_1/0ar,
oh_10559515,true,1,1,60,34086007.1.0,10559515.1.0,68.49619800000001,m,oh-1ph_6cu,
oh_10558518,true,3,3,60,34086403.1.2.3.0,10558518.1.2.3.0,75.318614,m,oh-3ph_795aa,
oh_10549248,true,1,1,60,10549247.3.0,10549248.3.0,63.198415,m,oh-1ph_1/0ar,
oh_10548933,true,3,3,60,34090007.1.2.3.0,10548933.1.2.3.0,29.052249,m,oh-3ph_1/0ar,
oh_34095649,true,1,1,60,10560281.2.0,34095649.2.0,4.722043,m,oh-1ph_1/0ar,
oh_34086016,true,1,1,60,34095668.2.0,34086016.2.0,78.902474,m,oh-1ph_4ar,
ug_34057797,true,1,1,60,34054973.3.0,34057797.3.0,78.669679,m,ug-1ph_1/0urd,
ug_10579978,true,1,1,60,10579976.3.0,10579978.3.0,83.309917,m,ug-1ph_1/0urd,
oh_10559400,true,1,1,60,10559399.1.0,10559400.1.0,8.045147,m,oh-1ph_1/0ar,
oh_10558511,true,3,3,60,10558510.1.2.3.0,10558511.1.2.3.0,103.899869,m,oh-3ph_795aa,
oh_10549241,true,1,1,60,10549243.2.0,10549241.2.0,4.816277,m,oh-1ph_1/0ar,
oh_10548927,true,3,3,60,20396846.1.2.3.0,10548927.1.2.3.0,54.258216,m,oh-3ph_4/0aa,
oh_34095590,true,3,3,60,10548906.1.2.3.0,34095590.1.2.3.0,86.998622,m,oh-3ph_2cu,
oh_34086007,true,1,1,60,10559558.1.0,34086007.1.0,55.788026,m,oh-1ph_6cu,
ug_34054979,true,1,1,60,34054980.1.0,34054979.1.0,120.249242,m,ug-1ph_1/0urd,
oh_10579844,true,1,1,60,10549292.2.0,10579844.2.0,7.527768,m,oh-1ph_1/0ar,
oh_10559392,true,1,1,60,10559267.1.0,10559392.1.0,95.48512700000001,m,oh-1ph_6cu,
oh_10558484,true,1,1,60,10558469.2.0,10558484.2.0,13.416006,m,oh-1ph_1/0ar,
oh_10549228,true,3,3,60,10549227.1.2.3.0,10549228.1.2.3.0,126.365241,m,oh-3ph_795aa,
oh_10548920,true,3,3,60,34085402.1.2.3.0,10548920.1.2.3.0,130.216113,m,oh-3ph_397aa,
oh_34095281,true,1,1,60,34086319.1.0,34095281.1.0,89.864,m,oh-1ph_1/0ar,
oh_34085492,true,3,3,60,10545431.1.2.3.0,34085492.1.2.3.0,48.765785,m,oh-3ph_4/0aa,
ug_34054973,true,1,1,60,20344331.3.0,34054973.3.0,153.281885,m,ug-1ph_1/0urd,
oh_10579833,true,1,1,60,34084956.2.0,10579833.2.0,51.258293,m,oh-1ph_1/0ar,
oh_10559385,true,1,1,60,10559267.1.0,10559385.1.0,103.316844,m,oh-1ph_1/0ar,
oh_10558476,true,3,3,60,10558473.1.2.3.0,10558476.1.2.3.0,31.347137,m,oh-3ph_1/0ar,
oh_10549222,true,3,3,60,34085488.1.2.3.0,10549222.1.2.3.0,43.688662,m,oh-3ph_795aa,
oh_10548914,true,3,3,60,34090004.1.2.3.0,10548914.1.2.3.0,71.029625,m,oh-3ph_397aa,
oh_34091315,true,1,1,60,10549018.3.0,34091315.3.0,3.797951,m,oh-1ph_1/0ar,
oh_34085479,true,3,3,60,10548931.1.2.3.0,34085479.1.2.3.0,25.726559,m,oh-3ph_4/0aa,
ug_34054967,true,1,1,60,34054968.3.0,34054967.3.0,61.757001,m,ug-1ph_1/0urd,
oh_10559040,true,1,1,60,10558958.1.0,10559040.1.0,72.571201,m,oh-1ph_6cu,
oh_10557802,true,3,3,60,10572565.1.2.3.0,10557802.1.2.3.0,83.52396899999999,m,oh-3ph_795aa,
oh_10548908,true,3,3,60,34095591.1.2.3.0,10548908.1.2.3.0,4.149217,m,oh-3ph_2cu,
oh_34090007,true,3,3,60,34095589.1.2.3.0,34090007.1.2.3.0,3.75431,m,oh-3ph_1/0ar,
oh_34085401,true,3,3,60,34085313.1.2.3.0,34085401.1.2.3.0,3.658098,m,oh-3ph_4/0aa,
ug_34054927,true,1,1,60,20344327.1.0,34054927.1.0,19.088875,m,ug-1ph_1/0urd,
oh_10579827,true,1,1,60,34085492.3.0,10579827.3.0,7.468951,m,oh-1ph_1/0ar,
oh_10558584,true,1,1,60,10558583.2.0,10558584.2.0,67.808598,m,oh-1ph_1/0ar,
oh_10556735,true,1,1,60,10579118.1.0,10556735.1.0,113.346017,m,oh-1ph_1/0ar,
oh_10549011,true,3,3,60,10549216.1.2.3.0,10549011.1.2.3.0,48.217706,m,oh-3ph_795aa,
oh_10548901,true,3,3,60,34084601.1.2.3.0,10548901.1.2.3.0,36.764445,m,oh-3ph_1/0ar,
oh_34087256,true,3,3,60,20028683.1.2.3.0,34087256.1.2.3.0,54.303674,m,oh-3ph_4ar,
oh_34085342,true,3,3,60,10549219.1.2.3.0,34085342.1.2.3.0,3.799775,m,oh-3ph_1/0ar,
oh_20437314,true,1,1,60,20437313.1.0,20437314.1.0,28.500678,m,oh-1ph_1/0ar,
oh_10579185,true,1,1,60,10549433.1.0,10579185.1.0,72.649698,m,oh-1ph_1/0ar,
oh_10558578,true,1,1,60,34086404.3.0,10558578.3.0,17.789837,m,oh-1ph_1/0ar,
oh_10549431,true,1,1,60,34086013.2.0,10549431.2.0,7.958843,m,oh-1ph_1/0ar,
oh_10548989,true,1,1,60,34084592.2.0,10548989.2.0,52.919773,m,oh-1ph_1/0ar,
oh_10544883,true,3,3,60,34085311.1.2.3.0,10544883.1.2.3.0,75.096279,m,oh-3ph_4/0aa,
oh_34086802,true,1,1,60,10532911.3.0,34086802.3.0,154.468306,m,oh-1ph_1/0ar,
oh_34085311,true,3,3,60,34095661.1.2.3.0,34085311.1.2.3.0,3.803718,m,oh-3ph_4/0aa,
oh_20396849,true,1,1,60,20396847.1.0,20396849.1.0,9.975549000000001,m,oh-1ph_1/0ar,
oh_10578709,true,1,1,60,34085044.2.0,10578709.2.0,241.029336,m,oh-1ph_4ar,
oh_10558571,true,1,1,60,34086400.3.0,10558571.3.0,101.892754,m,oh-1ph_6cu,
oh_10549309,true,1,1,60,10549307.2.0,10549309.2.0,81.656781,m,oh-1ph_4ar,
oh_10548983,true,1,1,60,34090001.1.0,10548983.1.0,42.885362,m,oh-1ph_1/0ar,
oh_10541616,true,1,1,60,34085952.3.0,10541616.3.0,89.784982,m,oh-1ph_4ar,
oh_40154810,true,1,1,60,34086011.1.0,40154810.1.0,163.511224,m,oh-1ph_4ar,
oh_34086796,true,3,3,60,10543079.1.2.3.0,34086796.1.2.3.0,62.054364,m,oh-3ph_4ar,
oh_34085260,true,1,1,60,34095665.2.0,34085260.2.0,84.03564900000001,m,oh-1ph_4ar,
oh_20396671,true,3,3,60,34086796.1.2.3.0,20396671.1.2.3.0,60.977239,m,oh-3ph_4ar,
oh_10573493,true,1,1,60,34085341.3.0,10573493.3.0,13.833219,m,oh-1ph_1/0ar,
oh_10558565,true,1,1,60,10558566.3.0,10558565.3.0,54.766288,m,oh-1ph_1/0ar,
oh_10549292,true,3,3,60,10548007.1.2.3.0,10549292.1.2.3.0,38.659065,m,oh-3ph_4/0aa,
oh_10548976,true,1,1,60,10548906.1.0,10548976.1.0,7.890558,m,oh-1ph_1/0ar,
oh_10536946,true,3,3,60,20344324.1.2.3.0,10536946.1.2.3.0,6.754244,m,oh-3ph_4ar,
oh_40013213,true,3,3,60,40014844.1.2.3.0,40013213.1.2.3.0,13.792218,m,oh-3ph_1/0ar,
oh_34086404,true,1,1,60,10558576.3.0,34086404.3.0,3.803001,m,oh-1ph_4ar,
oh_34085043,true,1,1,60,10549288.2.0,34085043.2.0,112.424939,m,oh-1ph_4ar,
ug_20344334,true,1,1,60,34054976.1.0,20344334.1.0,116.616338,m,ug-1ph_1/0urd,
oh_10561915,true,1,1,60,10553426.3.0,10561915.3.0,7.789344,m,oh-1ph_1/0ar,
oh_10558559,true,1,1,60,10558561.2.0,10558559.2.0,60.878491,m,oh-1ph_1/0ar,
oh_10549286,true,1,1,60,10549426.2.0,10549286.2.0,55.301734,m,oh-1ph_1/0ar,
oh_10548961,true,1,1,60,10548960.2.0,10548961.2.0,110.614147,m,oh-1ph_1/0ar,
oh_10528321,true,1,1,60,34086018.2.0,10528321.2.0,79.50454000000001,m,oh-1ph_1/0ar,
oh_34097393,true,1,1,60,10523041.3.0,34097393.3.0,43.944005,m,oh-1ph_4ar,
oh_34086383,true,1,1,60,10558580.3.0,34086383.3.0,56.157454,m,oh-1ph_1/0ar,
oh_34085037,true,3,3,60,34086013.1.2.3.0,34085037.1.2.3.0,31.81669,m,oh-3ph_4/0aa,
oh_20344324,true,3,3,60,34087256.1.2.3.0,20344324.1.2.3.0,66.353808,m,oh-3ph_4ar,
oh_10560338,true,1,1,60,34095649.2.0,10560338.2.0,109.074948,m,oh-1ph_1/0ar,
oh_10558552,true,1,1,60,34086381.1.0,10558552.1.0,94.90316199999999,m,oh-1ph_1/0ar,
oh_10549276,true,3,3,60,34085312.1.2.3.0,10549276.1.2.3.0,48.089612,m,oh-3ph_4/0aa,
oh_10548953,true,1,1,60,10548952.1.0,10548953.1.0,89.887106,m,oh-1ph_1/0ar,
oh_10524153,true,1,1,60,34086382.3.0,10524153.3.0,63.547198,m,oh-1ph_1/0ar,
oh_34096116,true,3,3,60,10558511.1.2.3.0,34096116.1.2.3.0,4.957584,m,oh-3ph_795aa,
oh_34086319,true,1,1,60,10559487.1.0,34086319.1.0,3.803809,m,oh-1ph_1/0ar,
oh_34084955,true,3,3,60,10549293.1.2.3.0,34084955.1.2.3.0,3.799026,m,oh-3ph_4/0aa,
oh_20079699,true,3,3,60,20079698.1.2.3.0,20079699.1.2.3.0,104.066277,m,oh-3ph_1/0ar,
oh_10559735,true,3,3,60,10548923.1.2.3.0,10559735.1.2.3.0,159.427491,m,oh-3ph_795aa,
oh_10558546,true,1,1,60,10558518.3.0,10558546.3.0,7.577866,m,oh-1ph_1/0ar,
oh_10549264,true,1,1,60,10549221.2.0,10549264.2.0,7.340895,m,oh-1ph_1/0ar,
oh_10548947,true,1,1,60,34090000.1.0,10548947.1.0,19.303099,m,oh-1ph_1/0ar,
oh_34095666,true,1,1,60,34085953.3.0,34095666.3.0,3.992102,m,oh-1ph_4ar,
oh_34086307,true,1,1,60,10559182.1.0,34086307.1.0,113.860879,m,oh-1ph_6cu,
oh_34084665,true,1,1,60,34084664.2.0,34084665.2.0,88.621155,m,oh-1ph_4ar,
oh_20014992,true,1,1,60,34095589.1.0,20014992.1.0,32.398817,m,oh-1ph_1/0ar,
oh_10559588,true,1,1,60,34091314.3.0,10559588.3.0,97.41381800000001,m,oh-1ph_1/0ar,
oh_10558540,true,1,1,60,10558516.1.0,10558540.1.0,7.788756,m,oh-1ph_1/0ar,
oh_10549258,true,1,1,60,10584630.3.0,10549258.3.0,116.894405,m,oh-1ph_1/0ar,
oh_10548941,true,1,1,60,10548942.3.0,10548941.3.0,77.299014,m,oh-1ph_1/0ar,
oh_34095660,true,3,3,60,10542098.1.2.3.0,34095660.1.2.3.0,3.797343,m,oh-3ph_795aa,
oh_34086301,true,1,1,60,10558573.3.0,34086301.3.0,126.831919,m,oh-1ph_6cu,
oh_34084602,true,3,3,60,10548902.1.2.3.0,34084602.1.2.3.0,79.685254,m,oh-3ph_1/0ar,
oh_10580818,true,3,3,60,k21.1.2.3.0,10580818.1.2.3.0,61.431206,m,oh-3ph_795aa,
oh_10559537,true,1,1,60,10549229.1.0,10559537.1.0,13.455512,m,oh-1ph_6cu,
oh_10558520,true,3,3,60,10553427.1.2.3.0,10558520.1.2.3.0,247.569309,m,oh-3ph_795aa,
oh_10549249,true,1,1,60,10549225.1.0,10549249.1.0,12.505018,m,oh-1ph_1/0ar,
oh_10548934,true,3,3,60,10548921.1.2.3.0,10548934.1.2.3.0,8.032498,m,oh-3ph_1/0ar,
oh_34095650,true,1,1,60,10559617.2.0,34095650.2.0,25.022442,m,oh-1ph_4ar,
oh_34086017,true,1,1,60,34086016.2.0,34086017.2.0,3.797145,m,oh-1ph_4ar,
ug_34057798,true,1,1,60,34054975.2.0,34057798.2.0,60.579649,m,ug-1ph_1/0urd,
ug_10580150,true,3,3,60,10580165.1.2.3.0,10580150.1.2.3.0,256.021574,m,ug-3ph_1/0urd,
oh_10559407,true,1,1,60,34095281.1.0,10559407.1.0,100.884983,m,oh-1ph_1/0ar,
oh_10558513,true,3,3,60,34096115.1.2.3.0,10558513.1.2.3.0,104.166132,m,oh-3ph_795aa,
oh_10549243,true,1,1,60,10549244.2.0,10549243.2.0,42.942219,m,oh-1ph_6cu,
oh_10548928,true,3,3,60,20396846.1.2.3.0,10548928_open.1.2.3.0,32.198573,m,oh-3ph_4/0aa,
oh_34095591,true,3,3,60,34084616.1.2.3.0,34095591.1.2.3.0,97.0232,m,oh-3ph_2cu,
oh_34086008,true,3,3,60,10559735.1.2.3.0,34086008.1.2.3.0,72.890534,m,oh-3ph_795aa,
ug_34054980,true,1,1,60,20344333.1.0,34054980.1.0,150.566367,m,ug-1ph_1/0urd,
oh_10579845,true,1,1,60,10579834.3.0,10579845.3.0,84.176236,m,oh-1ph_1/0ar,
oh_10559393,true,1,1,60,34086308.1.0,10559393.1.0,93.258844,m,oh-1ph_6cu,
ug_10558494,true,3,3,60,10558475.1.2.3.0,10558494.1.2.3.0,12.200447,m,ug-3ph_1/0urd,
oh_10549229,true,3,3,60,10549228.1.2.3.0,10549229.1.2.3.0,90.909992,m,oh-3ph_795aa,
oh_10548921,true,3,3,60,10548920.1.2.3.0,10548921.1.2.3.0,44.343441,m,oh-3ph_397aa,
oh_34085493,true,3,3,60,34085492.1.2.3.0,34085493.1.2.3.0,68.842405,m,oh-3ph_4/0aa,
ug_34054974,true,1,1,60,34057798.2.0,34054974.2.0,141.425856,m,ug-1ph_1/0urd,
oh_10579834,true,1,1,60,34084955.3.0,10579834.3.0,14.021715,m,oh-1ph_1/0ar,
oh_10559386,true,1,1,60,10559182.1.0,10559386.1.0,102.011044,m,oh-1ph_1/0ar,
oh_10558477,true,1,1,60,10558478.3.0,10558477.3.0,46.061713,m,oh-1ph_1/0ar,
oh_10549223,true,3,3,60,34085489.1.2.3.0,10549223.1.2.3.0,107.898462,m,oh-3ph_795aa,
oh_10548915,true,3,3,60,10548914.1.2.3.0,10548915.1.2.3.0,136.84262,m,oh-3ph_397aa,
oh_34091439,true,1,1,60,34097392.3.0,34091439.3.0,99.82381100000001,m,oh-1ph_4ar,
oh_34085480,true,3,3,60,10548907.1.2.3.0,34085480.1.2.3.0,61.900727,m,oh-3ph_2cu,
ug_34054968,true,1,1,60,34054969.3.0,34054968.3.0,77.794854,m,ug-1ph_1/0urd,
oh_10559057,true,1,1,60,34086402.1.0,10559057.1.0,101.401212,m,oh-1ph_6cu,
oh_10558215,true,1,1,60,10549303.3.0,10558215.3.0,137.071629,m,oh-1ph_1/0ar,
oh_10549216,true,3,3,60,10549217.1.2.3.0,10549216.1.2.3.0,37.502619,m,oh-3ph_795aa,
oh_10548909,true,3,3,60,10548908.1.2.3.0,10548909.1.2.3.0,101.268997,m,oh-3ph_2cu,
oh_34090031,true,3,3,60,10548901.1.2.3.0,34090031.1.2.3.0,4.604607,m,oh-3ph_1/0ar,
oh_34085402,true,3,3,60,10548919.1.2.3.0,34085402.1.2.3.0,223.225344,m,oh-3ph_397aa,
ug_34054962,true,1,1,60,34057775.1.0,34054962.1.0,129.766605,m,ug-1ph_1/0urd,
oh_10579828,true,1,1,60,34084951.3.0,10579828.3.0,13.947924,m,oh-1ph_1/0ar,
oh_10558585,true,1,1,60,10553427.1.0,10558585.1.0,7.526839,m,oh-1ph_1/0ar,
oh_10556736,true,1,1,60,34085039.1.0,10556736.1.0,167.344701,m,oh-1ph_1/0ar,
oh_10549013,true,1,1,60,34085462.2.0,10549013.2.0,97.13857899999999,m,oh-1ph_1/0ar,
oh_10548902,true,3,3,60,10548903.1.2.3.0,10548902.1.2.3.0,23.322159,m,oh-3ph_1/0ar,
oh_34090000,true,3,3,60,10548933.1.2.3.0,34090000.1.2.3.0,5.361351,m,oh-3ph_1/0ar,
oh_34085350,true,3,3,60,34092155.1.2.3.0,10548925.1.2.3.0,33.367567,m,oh-3ph_1/0ar,
oh_20456673,true,1,1,60,10558577.3.0,20456673.3.0,90.020763,m,oh-1ph_4ar,
oh_10579196,true,1,1,60,10549433.1.0,10579196.1.0,73.05327800000001,m,oh-1ph_1/0ar,
oh_10558579,true,1,1,60,10558578.3.0,10558579.3.0,45.247335,m,oh-1ph_1/0ar,
oh_10549433,true,1,1,60,34085038.1.0,10549433.1.0,79.509795,m,oh-1ph_4ar,
oh_10548992,true,1,1,60,34085371.2.0,10548992.2.0,43.006439,m,oh-1ph_1/0ar,
oh_10545431,true,3,3,60,10544883.1.2.3.0,10545431.1.2.3.0,68.37423800000001,m,oh-3ph_4/0aa,
oh_34086805,true,1,1,60,34092313.3.0,34086805.3.0,120.106795,m,oh-1ph_4ar,
oh_34085312,true,3,3,60,10579019.1.2.3.0,34085312.1.2.3.0,3.283263,m,oh-3ph_4/0aa,
oh_20409718,true,1,1,60,10539784.3.0,20409718.3.0,92.19235999999999,m,oh-1ph_1/0ar,
oh_10579019,true,3,3,60,10549274.1.2.3.0,10579019.1.2.3.0,93.37787899999999,m,oh-3ph_4/0aa,
oh_10558572,true,1,1,60,10558571.3.0,10558572.3.0,7.981366,m,oh-1ph_6cu,
oh_10549310,true,1,1,60,10522509.2.0,10549310.2.0,81.484931,m,oh-1ph_1/0ar,
oh_10548984,true,1,1,60,10573638.1.0,10548984.1.0,7.733873,m,oh-1ph_1/0ar,
oh_10542098,true,3,3,60,10542105.1.2.3.0,10542098.1.2.3.0,42.961683,m,oh-3ph_795aa,
oh_40156534,true,1,1,60,40152453.1.0,40156534.1.0,9.730346000000001,m,oh-1ph_1/0ar,
oh_34086797,true,3,3,60,10547826.1.2.3.0,34086797.1.2.3.0,5.158897,m,oh-3ph_4ar,
oh_34085261,true,1,1,60,34085260.2.0,34085261.2.0,83.38781899999999,m,oh-1ph_4ar,
oh_20396672,true,3,3,60,10543079.1.2.3.0,20396672.1.2.3.0,10.095526,m,oh-3ph_1/0ar,
oh_10573495,true,1,1,60,10573492.3.0,10573495.3.0,69.029487,m,oh-1ph_1/0ar,
oh_10558566,true,1,1,60,10558567.3.0,10558566.3.0,31.164178,m,oh-1ph_1/0ar,
oh_10549293,true,3,3,60,10549292.1.2.3.0,10549293.1.2.3.0,45.551353,m,oh-3ph_4/0aa,
oh_10548977,true,1,1,60,10548976.1.0,10548977.1.0,131.05275,m,oh-1ph_1/0ar,
oh_10539784,true,1,1,60,10548935.3.0,10539784.3.0,174.128882,m,oh-1ph_1/0ar,
oh_40013232,true,3,3,60,40013213.1.2.3.0,40013232.1.2.3.0,54.094027,m,oh-3ph_1/0ar,
oh_34086405,true,1,1,60,10585091.3.0,34086405.3.0,3.80827,m,oh-1ph_1/0ar,
oh_34085044,true,1,1,60,34085043.2.0,34085044.2.0,81.354985,m,oh-1ph_4ar,
ug_20344367,true,1,1,60,34054965.2.0,20344367.2.0,63.304381,m,ug-1ph_1/0urd,
ug_10571603,true,1,1,60,10572328.1.0,10571603.1.0,54.294633,m,ug-1ph_1/0urd,
oh_10558560,true,3,3,60,40014845.1.2.3.0,10558560.1.2.3.0,64.987533,m,oh-3ph_795aa,
oh_10549287,true,1,1,60,10549431.2.0,10549287.2.0,47.042406,m,oh-1ph_1/0ar,
oh_10548962,true,1,1,60,10548963.2.0,10548962.2.0,43.641232,m,oh-1ph_1/0ar,
oh_10529606,true,1,1,60,10559399.1.0,10529606.1.0,79.71924300000001,m,oh-1ph_1/0ar,
oh_34097394,true,1,1,60,10559515.1.0,34097394.1.0,4.156753,m,oh-1ph_6cu,
oh_34086384,true,1,1,60,10558578.3.0,34086384.3.0,67.96609100000001,m,oh-1ph_1/0ar,
oh_34085038,true,3,3,60,10549282.1.2.3.0,34085038.1.2.3.0,18.54349,m,oh-3ph_4/0aa,
oh_20344325,true,3,3,60,20028683.1.2.3.0,20344325.1.2.3.0,26.433809,m,oh-3ph_1/0ar,
oh_10560401,true,1,1,60,10559617.2.0,10560401.2.0,69.790873,m,oh-1ph_4ar,
oh_10558553,true,1,1,60,34086381.1.0,10558553.1.0,97.515012,m,oh-1ph_1/0ar,
oh_10549278,true,3,3,60,34085036.1.2.3.0,10549278.1.2.3.0,103.76544,m,oh-3ph_4/0aa,
oh_10548954,true,1,1,60,10548957.3.0,10548954.3.0,39.831335,m,oh-1ph_1/0ar,
oh_10524870,true,1,1,60,34086382.3.0,10524870.3.0,7.619422,m,oh-1ph_1/0ar,
oh_34096667,true,1,1,60,10559451.1.0,34096667.1.0,3.801633,m,oh-1ph_1/0ar,
oh_34086320,true,1,1,60,34096668.1.0,34086320.1.0,77.15717600000001,m,oh-1ph_1/0ar,
oh_34084956,true,1,1,60,10579844.2.0,34084956.2.0,59.974733,m,oh-1ph_1/0ar,
oh_20114727,true,3,3,60,20079699.1.2.3.0,20114727.1.2.3.0,7.467208,m,oh-3ph_1/0ar,
oh_10559783,true,1,1,60,34084661.2.0,10559783.2.0,99.76199099999999,m,oh-1ph_4ar,
oh_10558547,true,1,1,60,10558546.3.0,10558547.3.0,25.183864,m,oh-1ph_1/0ar,
oh_10549265,true,1,1,60,10549264.2.0,10549265.2.0,74.20929599999999,m,oh-1ph_1/0ar,
oh_10548948,true,1,1,60,10548949.2.0,10548948.2.0,18.571329,m,oh-1ph_1/0ar,
oh_10522508,true,1,1,60,34095669.2.0,10522508.2.0,80.007486,m,oh-1ph_4ar,
oh_34095667,true,1,1,60,10549255.3.0,34095667.3.0,51.468815,m,oh-1ph_4ar,
oh_34086308,true,1,1,60,34086309.1.0,34086308.1.0,66.606607,m,oh-1ph_6cu,
oh_34084666,true,1,1,60,34084662.2.0,34084666.2.0,45.858781,m,oh-1ph_4ar,
oh_20028683,true,3,3,60,34087254.1.2.3.0,20028683.1.2.3.0,68.043649,m,oh-3ph_4ar,
oh_10559589,true,1,1,60,34091314.3.0,10559589.3.0,117.941755,m,oh-1ph_1/0ar,
oh_10558541,true,1,1,60,10558540.1.0,10558541.1.0,71.360674,m,oh-1ph_1/0ar,
oh_10549259,true,1,1,60,34095666.3.0,10549259.3.0,114.035259,m,oh-1ph_1/0ar,
oh_10548942,true,1,1,60,10548918.3.0,10548942.3.0,8.685967,m,oh-1ph_1/0ar,
oh_34095661,true,3,3,60,10543795.1.2.3.0,34095661.1.2.3.0,62.669875,m,oh-3ph_4/0aa,
oh_34086302,true,1,1,60,34086301.3.0,34086302.3.0,3.809204,m,oh-1ph_6cu,
oh_34084616,true,3,3,60,34085480.1.2.3.0,34084616.1.2.3.0,48.916855,m,oh-3ph_2cu,
oh_10580819,false,3,3,60,10580818.1.2.3.0,10580819.1.2.3.0,3.626469,m,oh-3ph_795aa,
oh_10559558,true,1,1,60,10559537.1.0,10559558.1.0,113.814891,m,oh-1ph_6cu,
oh_10558521,true,3,3,60,10558520.1.2.3.0,10558521.1.2.3.0,61.385823,m,oh-3ph_795aa,
oh_10549250,true,1,1,60,10549249.1.0,10549250.1.0,31.52827,m,oh-1ph_1/0ar,
oh_10548935,true,1,1,60,10548926.3.0,10548935.3.0,14.028167,m,oh-1ph_1/0ar,
oh_34095651,true,3,3,60,10548911.1.2.3.0,34095651.1.2.3.0,101.441842,m,oh-3ph_397aa,
oh_34086018,true,1,1,60,10549311.2.0,34086018.2.0,3.79549,m,oh-1ph_1/0ar,
ug_34057799,true,1,1,60,34054978.1.0,34057799.1.0,9.122188,m,ug-1ph_1/0urd,
oh_10580155,true,3,3,60,20396671.1.2.3.0,10580155.1.2.3.0,69.44647999999999,m,oh-3ph_1/0ar,
oh_10559451,true,1,1,60,34086798.1.0,10559451.1.0,21.790825,m,oh-1ph_1/0ar,
oh_10558514,true,3,3,60,10558513.1.2.3.0,10558514.1.2.3.0,393.077687,m,oh-3ph_795aa,
oh_10549244,true,1,1,60,10549228.2.0,10549244.2.0,7.460433,m,oh-1ph_6cu,
oh_10548929,true,3,3,60,10548930.1.2.3.0,10548928.1.2.3.0,7.119124,m,oh-3ph_4/0aa,
oh_34095592,true,3,3,60,10548927.1.2.3.0,34095592.1.2.3.0,3.393123,m,oh-3ph_4/0aa,
oh_34086010,true,3,3,60,10549226.1.2.3.0,34086010.1.2.3.0,45.070903,m,oh-3ph_795aa,
ug_34054992,true,1,1,60,20344327.1.0,34054992.1.0,75.494417,m,ug-1ph_1/0urd,
oh_10579847,true,1,1,60,34085264.2.0,10579847.2.0,272.306403,m,oh-1ph_4ar,
oh_10559394,true,1,1,60,34086310.1.0,10559394.1.0,103.390253,m,oh-1ph_1/0ar,
oh_10558506,true,3,3,60,34086008.1.2.3.0,10558506.1.2.3.0,13.886365,m,oh-3ph_4ar,
oh_10549231,true,1,1,60,10549229.2.0,10549231.2.0,14.037915,m,oh-1ph_1/0ar,
oh_10548922,true,3,3,60,10548921.1.2.3.0,10548922.1.2.3.0,45.658486,m,oh-3ph_397aa,
oh_34095580,true,1,1,60,10548940.2.0,34095580.2.0,80.738297,m,oh-1ph_1/0ar,
oh_34085951,true,1,1,60,34095655.3.0,34085951.3.0,66.522161,m,oh-1ph_1/0ar,
ug_34054975,true,1,1,60,20344332.2.0,34054975.2.0,120.687448,m,ug-1ph_1/0urd,
oh_10579840,true,1,1,60,10579827.3.0,10579840.3.0,62.657801,m,oh-1ph_1/0ar,
oh_10559387,true,1,1,60,34086305.1.0,10559387.1.0,63.524665,m,oh-1ph_1/0ar,
oh_10558478,true,1,1,60,10579447.3.0,10558478.3.0,8.857137,m,oh-1ph_1/0ar,
oh_10549224,true,3,3,60,10549225.1.2.3.0,10549224.1.2.3.0,85.634817,m,oh-3ph_795aa,
oh_10548916,true,3,3,60,10548915.1.2.3.0,10548916.1.2.3.0,85.58280999999999,m,oh-3ph_397aa,
oh_34092154,true,1,1,60,10579234.1.0,34092154.1.0,123.75367,m,oh-1ph_1/0ar,
oh_34085488,true,3,3,60,10549223.1.2.3.0,34085488.1.2.3.0,66.42038100000001,m,oh-3ph_795aa,
ug_34054969,true,1,1,60,34054970.3.0,34054969.3.0,82.599328,m,ug-1ph_1/0urd,
oh_10559090,true,1,1,60,34086304.1.0,10559090.1.0,75.251516,m,oh-1ph_6cu,
oh_10558469,true,3,3,60,34086298.1.2.3.0,10558469.1.2.3.0,13.428829,m,oh-3ph_4ar,
oh_10549217,true,3,3,60,34085491.1.2.3.0,10549217.1.2.3.0,97.797292,m,oh-3ph_795aa,
oh_10548910,true,3,3,60,10548909.1.2.3.0,10548910.1.2.3.0,441.0883,m,oh-3ph_2cu,
oh_34090083,true,3,3,60,10540312.1.2.3.0,34090083.1.2.3.0,19.371305,m,oh-3ph_4ar,
oh_34085442,true,3,3,60,10549269.1.2.3.0,34085442.1.2.3.0,102.563867,m,oh-3ph_4/0aa,
ug_34054963,true,1,1,60,34054974.2.0,34054963.2.0,67.251265,m,ug-1ph_1/0urd,
oh_10579829,true,1,1,60,10579842.3.0,10579829.3.0,69.228926,m,oh-1ph_1/0ar,
oh_10558586,true,1,1,60,10558585.1.0,10558586.1.0,99.331748,m,oh-1ph_1/0ar,
oh_10556737,true,1,1,60,34085039.1.0,10556737.1.0,14.018588,m,oh-1ph_1/0ar,
oh_10549015,true,1,1,60,10549016.2.0,10549015.2.0,73.026619,m,oh-1ph_1/0ar,
oh_10548903,true,3,3,60,10557182.1.2.3.0,10548903.1.2.3.0,14.021824,m,oh-3ph_1/0ar,
oh_34090001,true,2,2,60,10548979.1.3.0,34090001.1.3.0,4.300121,m,oh-2ph_1/0ar,
oh_34085352,true,3,3,60,10548917.1.2.3.0,34085352.1.2.3.0,100.06694,m,oh-3ph_397aa,
oh_20456674,true,1,1,60,10558577.3.0,20456674.3.0,29.649424,m,oh-1ph_1/0ar,
oh_10579231,true,1,1,60,10579071.1.0,10579231.1.0,104.816362,m,oh-1ph_1/0ar,
oh_10558580,true,1,1,60,34086384.3.0,10558580.3.0,106.063234,m,oh-1ph_1/0ar,
oh_10552942,true,1,1,60,34086320.1.0,10552942.1.0,205.928484,m,oh-1ph_1/0ar,
oh_10548993,true,1,1,60,10572565.3.0,10548993.3.0,10.720779,m,oh-1ph_1/0ar,
oh_10545502,true,3,3,60,34085493.1.2.3.0,10545502.1.2.3.0,61.472343,m,oh-3ph_4/0aa,
oh_34086806,true,1,1,60,34085468.3.0,34086806.3.0,197.395015,m,oh-1ph_4ar,
oh_34085313,true,3,3,60,10549278.1.2.3.0,34085313.1.2.3.0,46.342109,m,oh-3ph_4/0aa,
oh_20409719,true,1,1,60,10539784.3.0,20409719.3.0,104.526193,m,oh-1ph_1/0ar,
oh_10579028,true,1,1,60,34095664.1.0,10549270.1.0,115.165915,m,oh-1ph_4ar,
oh_10558573,true,1,1,60,10558572.3.0,10558573.3.0,163.913264,m,oh-1ph_6cu,
oh_10549311,true,1,1,60,10522509.2.0,10549311.2.0,83.185273,m,oh-1ph_1/0ar,
oh_10548985,true,1,1,60,10548984.1.0,10548985.1.0,63.369511,m,oh-1ph_1/0ar,
oh_10542105,true,3,3,60,34095659.1.2.3.0,10542105.1.2.3.0,88.697699,m,oh-3ph_795aa,
ug_40156536,true,1,1,60,40156534.1.0,40156536.1.0,154.736708,m,ug-1ph_1/0urd,
oh_34086798,true,1,1,60,10559275.1.0,34086798.1.0,70.89834500000001,m,oh-1ph_1/0ar,
oh_34085262,true,1,1,60,10579847.2.0,34085262.2.0,54.318627,m,oh-1ph_4ar,
oh_20396674,true,3,3,60,20396672.1.2.3.0,20396674.1.2.3.0,8.480482,m,oh-3ph_1/0ar,
oh_10573638,true,3,3,60,10579900.1.2.3.0,10573638.1.2.3.0,321.876194,m,oh-3ph_795aa,
oh_10558567,true,1,1,60,10558513.3.0,10558567.3.0,13.634526,m,oh-1ph_1/0ar,
oh_10549294,true,3,3,60,34084957.1.2.3.0,10549294.1.2.3.0,47.64902,m,oh-3ph_4/0aa,
oh_10548979,true,2,2,60,10548980.1.3.0,10548979.1.3.0,29.963812,m,oh-2ph_1/0ar,
oh_10540312,true,3,3,60,10558473.1.2.3.0,10540312.1.2.3.0,33.627114,m,oh-3ph_4ar,
oh_40013233,true,3,3,60,40013232.1.2.3.0,40013233.1.2.3.0,8.053948,m,oh-3ph_1/0ar,
oh_34086410,true,3,3,60,10558515.1.2.3.0,34086410.1.2.3.0,3.802821,m,oh-3ph_795aa,
oh_34085045,true,1,1,60,10578709.2.0,34085045.2.0,3.35113,m,oh-1ph_4ar,
ug_20344368,true,1,1,60,34054964.2.0,20344368.2.0,145.210034,m,ug-1ph_1/0urd,
oh_10572328,true,1,1,60,10559400.1.0,10572328.1.0,7.832311,m,oh-1ph_1/0ar,
oh_10558561,true,1,1,60,40014845.2.0,10558561.2.0,7.83196,m,oh-1ph_1/0ar,
oh_10549288,true,1,1,60,34085313.2.0,10549288.2.0,13.216087,m,oh-1ph_4ar,
oh_10548963,true,1,1,60,10548913.2.0,10548963.2.0,13.573783,m,oh-1ph_1/0ar,
oh_10529607,true,1,1,60,34086322.1.0,10529607.1.0,84.52262399999999,m,oh-1ph_1/0ar,
oh_34097395,true,1,1,60,34097394.1.0,34097395.1.0,146.204522,m,oh-1ph_6cu,
oh_34086400,true,1,1,60,10558522.3.0,34086400.3.0,116.865542,m,oh-1ph_6cu,
oh_34085039,true,1,1,60,10556735.1.0,34085039.1.0,3.75405,m,oh-1ph_1/0ar,
oh_20344327,true,3,3,60,20344325.1.2.3.0,20344327.1.2.3.0,8.550757000000001,m,oh-3ph_1/0ar,
oh_10560402,true,1,1,60,34095648.2.0,10560402.2.0,108.341551,m,oh-1ph_1/0ar,
oh_10558554,true,1,1,60,10558510.3.0,10558554.3.0,11.599635,m,oh-1ph_1/0ar,
oh_10549282,true,3,3,60,34085401.1.2.3.0,10549282.1.2.3.0,57.040591,m,oh-3ph_4/0aa,
oh_10548955,true,1,1,60,10548908.3.0,10548955.3.0,13.883095,m,oh-1ph_4ar,
oh_10524883,true,1,1,60,10524870.3.0,10524883.3.0,7.850323,m,oh-1ph_1/0ar,
oh_34096668,true,1,1,60,34097297.1.0,34096668.1.0,72.115228,m,oh-1ph_1/0ar,
oh_34086322,true,1,1,60,10529606.1.0,34086322.1.0,3.802337,m,oh-1ph_1/0ar,
oh_34084957,true,3,3,60,34084955.1.2.3.0,34084957.1.2.3.0,69.004144,m,oh-3ph_4/0aa,
ug_20114730,true,3,3,60,20114727.1.2.3.0,20114730.1.2.3.0,10.967057,m,ug-3ph_1/0urd,
oh_10559784,true,1,1,60,34095654.2.0,10559784.2.0,59.902839,m,oh-1ph_4ar,
oh_10558548,true,1,1,60,34097397.1.0,10558548.1.0,12.437825,m,oh-1ph_1/0ar,
oh_10549266,true,1,1,60,34085261.2.0,10549266.2.0,3.79855,m,oh-1ph_1/0ar,
oh_10548949,true,1,1,60,10548916.2.0,10548949.2.0,8.286343,m,oh-1ph_1/0ar,
oh_10522509,true,1,1,60,34086017.2.0,10522509.2.0,43.600579,m,oh-1ph_1/0ar,
oh_34095668,true,1,1,60,10522508.2.0,34095668.2.0,76.01152999999999,m,oh-1ph_4ar,
oh_34086309,true,1,1,60,10559392.1.0,34086309.1.0,114.065238,m,oh-1ph_6cu,
oh_34084951,true,3,3,60,34084952.1.2.3.0,34084951.1.2.3.0,3.796499,m,oh-3ph_4/0aa,
oh_20028684,true,1,1,60,34087255.2.0,20028684.2.0,13.333018,m,oh-1ph_1/0ar,
oh_10559590,true,1,1,60,34085311.3.0,10559590.3.0,11.445768,m,oh-1ph_1/0ar,
oh_10558542,true,1,1,60,10558514.2.0,10558542.2.0,7.817175,m,oh-1ph_1/0ar,
oh_10549260,true,1,1,60,10549222.3.0,10549260.3.0,7.417994,m,oh-1ph_1/0ar,
oh_10548943,true,1,1,60,10548944.3.0,10548943.3.0,67.37847600000001,m,oh-1ph_1/0ar,
oh_34095662,true,3,3,60,10545502.1.2.3.0,34095662.1.2.3.0,65.933504,m,oh-3ph_4/0aa,
oh_34086303,true,1,1,60,10574853.3.0,34086303.3.0,3.808383,m,oh-1ph_4ar,
oh_34084661,true,1,1,60,34095648.2.0,34084661.2.0,127.354688,m,oh-1ph_4ar,
oh_10559560,true,1,1,60,10559562.1.0,10559560.1.0,9.109057999999999,m,oh-1ph_1/0ar,
oh_10558522,true,3,3,60,10558521.1.2.3.0,10558522.1.2.3.0,274.854842,m,oh-3ph_795aa,
oh_10549251,true,1,1,60,10549224.3.0,10549251.3.0,13.941999,m,oh-1ph_1/0ar,
oh_10548937,true,1,1,60,34095592.3.0,10548937.3.0,13.687261,m,oh-1ph_1/0ar,
oh_34095654,true,1,1,60,10560492.2.0,34095654.2.0,4.684048,m,oh-1ph_4ar,
oh_34086019,true,1,1,60,10579071.1.0,34086019.1.0,3.976089,m,oh-1ph_4ar,
oh_34084591,true,2,2,60,10548945.2.3.0,34084591.2.3.0,14.444524,m,oh-2ph_1/0ar,
oh_10580163,true,3,3,60,10580155.1.2.3.0,10580163.1.2.3.0,9.611159000000001,m,oh-3ph_1/0ar,
oh_10559487,true,1,1,60,34096667.1.0,10559487.1.0,74.202943,m,oh-1ph_1/0ar,
oh_10558515,true,3,3,60,10558514.1.2.3.0,10558515.1.2.3.0,29.939541,m,oh-3ph_795aa,
oh_10549245,true,1,1,60,10549246.2.0,10549245.2.0,85.33676,m,oh-1ph_1/0ar,
oh_10548930,true,3,3,60,10548922.1.2.3.0,10548930.1.2.3.0,94.41902399999999,m,oh-3ph_4/0aa,
oh_34095643,true,3,3,60,10548910.1.2.3.0,34095643.1.2.3.0,94.90441800000001,m,oh-3ph_2cu,
oh_34086011,true,1,1,60,20437313.1.0,34086011.1.0,239.43788,m,oh-1ph_4ar,
ug_34055522,true,1,1,60,34054992.1.0,34055522.1.0,127.340046,m,ug-1ph_1/0urd,
oh_10579900,true,3,3,60,10580818.1.2.3.0,10579900.1.2.3.0,67.662868,m,oh-3ph_795aa,
oh_10559396,true,1,1,60,10559267.1.0,10559396.1.0,184.068126,m,oh-1ph_1/0ar,
oh_10558507,true,3,3,60,10558506.1.2.3.0,10558507.1.2.3.0,89.650227,m,oh-3ph_4ar,
oh_10549232,true,1,1,60,10549231.2.0,10549232.2.0,86.923827,m,oh-1ph_1/0ar,
oh_10548923,true,3,3,60,10548922.1.2.3.0,10548923.1.2.3.0,80.761077,m,oh-3ph_795aa,
oh_34095581,true,1,1,60,10549265.2.0,34095581.2.0,92.77684600000001,m,oh-1ph_1/0ar,
oh_34085952,true,1,1,60,10549253.3.0,34085952.3.0,104.536565,m,oh-1ph_4ar,
ug_34054976,true,1,1,60,34054962.1.0,34054976.1.0,168.783795,m,ug-1ph_1/0urd,
oh_10579841,true,1,1,60,34084951.2.0,10579841.2.0,13.633559,m,oh-1ph_1/0ar,
oh_10559389,true,1,1,60,34086304.1.0,10559389.1.0,72.245741,m,oh-1ph_1/0ar,
oh_10558481,true,1,1,60,10558482.1.0,10558481.1.0,31.600842,m,oh-1ph_1/0ar,
oh_10549225,true,3,3,60,34095658.1.2.3.0,10549225.1.2.3.0,76.706957,m,oh-3ph_795aa,
oh_10548917,true,3,3,60,10548916.1.2.3.0,10548917.1.2.3.0,401.019937,m,oh-3ph_397aa,
oh_34092234,true,1,1,60,10523032.3.0,34092234.3.0,135.014378,m,oh-1ph_4ar,
oh_34085489,true,3,3,60,10549224.1.2.3.0,34085489.1.2.3.0,4.038634,m,oh-3ph_795aa,
ug_34054970,true,1,1,60,34054971.3.0,34054970.3.0,84.048244,m,ug-1ph_1/0urd,
oh_10579830,true,1,1,60,10579842.3.0,10579830.3.0,67.50044,m,oh-1ph_1/0ar,
oh_10559182,true,1,1,60,34086305.1.0,10559182.1.0,58.549959,m,oh-1ph_6cu,
oh_10558471,true,3,3,60,34086797.1.2.3.0,10558471.1.2.3.0,67.769931,m,oh-3ph_4ar,
oh_10549219,true,3,3,60,10549220.1.2.3.0,10549219.1.2.3.0,52.448504,m,oh-3ph_795aa,
oh_10548911,true,3,3,60,10557182.1.2.3.0,10548911.1.2.3.0,4.08656,m,oh-3ph_397aa,
oh_34090086,true,3,3,60,10558507.1.2.3.0,34090086.1.2.3.0,49.932216,m,oh-3ph_4ar,
oh_34085461,true,1,1,60,10549020.3.0,34085461.3.0,122.679466,m,oh-1ph_6cu,
ug_34054964,true,1,1,60,34054963.2.0,34054964.2.0,35.878634,m,ug-1ph_1/0urd,
oh_10556738,true,1,1,60,10556737.1.0,10556738.1.0,9.454416,m,oh-1ph_1/0ar,
oh_10549016,true,1,1,60,10549010.2.0,10549016.2.0,17.108953,m,oh-1ph_1/0ar,
oh_10548905,true,3,3,60,10557802.1.2.3.0,10548905.1.2.3.0,57.202832,m,oh-3ph_2cu,
oh_34090003,true,3,3,60,34095651.1.2.3.0,34090003.1.2.3.0,48.575689,m,oh-3ph_397aa,
oh_34085370,true,3,3,60,34090003.1.2.3.0,34085370.1.2.3.0,17.875133,m,oh-3ph_397aa,
oh_20494025,true,1,1,60,10558568.3.0,20494025.3.0,189.271548,m,oh-1ph_1/0ar,
oh_10579234,true,1,1,60,10579071.1.0,10579234.1.0,134.748422,m,oh-1ph_1/0ar,
oh_10558581,true,1,1,60,34086302.3.0,10558581.3.0,82.496962,m,oh-1ph_1/0ar,
oh_10553426,true,3,3,60,10558518.1.2.3.0,10553426.1.2.3.0,123.122872,m,oh-3ph_795aa,
oh_10548994,true,1,1,60,10548993.3.0,10548994.3.0,51.818329,m,oh-1ph_1/0ar,
oh_10545682,true,3,3,60,34095662.1.2.3.0,10545682.1.2.3.0,3.799299,m,oh-3ph_4/0aa,
oh_34086829,true,3,3,60,10536946.1.2.3.0,34086829.1.2.3.0,65.576949,m,oh-3ph_4ar,
oh_34085321,true,1,1,60,10579118.1.0,34085321.1.0,3.487076,m,oh-1ph_4ar,
ug_20410383,true,1,1,60,34057718.1.0,20410383.1.0,131.580448,m,ug-1ph_1/0urd,
oh_10579069,true,1,1,60,40154810.1.0,10579069.1.0,205.921248,m,oh-1ph_4ar,
oh_10558575,true,1,1,60,10574853.3.0,10558575.3.0,49.772198,m,oh-1ph_4ar,
oh_10549312,true,1,1,60,34086018.2.0,10549312.2.0,92.106301,m,oh-1ph_1/0ar,
oh_10548986,true,1,1,60,34084601.1.0,10548986.1.0,58.500041,m,oh-1ph_1/0ar,
oh_10542412,true,1,1,60,34095664.1.0,10542412.1.0,71.80447100000001,m,oh-1ph_1/0ar,
oh_34086799,true,1,1,60,34086800.3.0,34086799.3.0,3.799531,m,oh-1ph_1/0ar,
oh_34085263,true,1,1,60,10549295.2.0,34085263.2.0,58.452635,m,oh-1ph_4ar,
ug_20396677,true,3,3,60,20396674.1.2.3.0,20396677.1.2.3.0,24.126413,m,ug-3ph_1/0urd,
oh_10574852,true,1,1,60,34097398.3.0,10574852.3.0,77.597577,m,oh-1ph_6cu,
oh_10558568,true,1,1,60,10558566.3.0,10558568.3.0,100.349769,m,oh-1ph_1/0ar,
oh_10549295,true,1,1,60,34085341.2.0,10549295.2.0,13.511757,m,oh-1ph_4ar,
oh_10548980,true,2,2,60,10548912.1.3.0,10548980.1.3.0,7.587056,m,oh-2ph_1/0ar,
oh_10540313,true,3,3,60,34090083.1.2.3.0,10540313.1.2.3.0,7.970617,m,oh-3ph_4ar,
oh_40014844,true,3,3,60,34096116.1.2.3.0,40014844.1.2.3.0,4.010174,m,oh-3ph_795aa,
oh_34086413,true,1,1,60,20456673.3.0,34086413.3.0,3.800118,m,oh-1ph_4ar,
oh_34085046,true,1,1,60,34085045.2.0,34085046.2.0,55.920059,m,oh-1ph_4ar,
oh_20344371,true,1,1,60,20344368.2.0,20344371.2.0,8.808156,m,oh-1ph_1/0ar,
oh_10572565,true,3,3,60,10573638.1.2.3.0,10572565.1.2.3.0,93.880769,m,oh-3ph_795aa,
oh_10558562,true,1,1,60,34086801.3.0,10558562.3.0,103.395769,m,oh-1ph_1/0ar,
oh_10549289,true,1,1,60,34085047.3.0,10549289.3.0,81.63468,m,oh-1ph_1/0ar,
oh_10548965,true,3,3,60,10548914.1.2.3.0,10548965.1.2.3.0,32.168191,m,oh-3ph_1/0ar,
oh_10529608,true,1,1,60,34086322.1.0,10529608.1.0,237.079735,m,oh-1ph_1/0ar,
oh_34097396,true,3,3,60,34086008.1.2.3.0,34097396.1.2.3.0,3.796565,m,oh-3ph_795aa,
oh_34086401,true,1,1,60,34086413.3.0,34086401.3.0,91.471586,m,oh-1ph_1/0ar,
oh_34085040,true,1,1,60,34085041.1.0,34085040.1.0,107.816857,m,oh-1ph_4ar,
ug_20344331,true,1,1,60,20344327.3.0,20344331.3.0,394.338782,m,ug-1ph_1/0urd,
oh_10560492,true,1,1,60,10559938.2.0,10560492.2.0,10.521892,m,oh-1ph_4ar,
oh_10558556,true,1,1,60,10558511.3.0,10558556.3.0,9.609125000000001,m,oh-1ph_1/0ar,
oh_10549283,true,1,1,60,10549274.2.0,10549283.2.0,12.832531,m,oh-1ph_1/0ar,
oh_10548956,true,1,1,60,10548955.3.0,10548956.3.0,52.385996,m,oh-1ph_4ar,
ug_10525295,true,1,1,60,10524883.3.0,10525295.3.0,109.611576,m,ug-1ph_1/0urd,
oh_34097296,true,1,1,60,10529607.1.0,34097296.1.0,3.800694,m,oh-1ph_1/0ar,
oh_34086324,true,3,3,60,34086318.1.2.3.0,34086324.1.2.3.0,68.27635600000001,m,oh-3ph_4ar,
oh_34085033,true,1,1,60,10548956.3.0,34085033.3.0,3.64864,m,oh-1ph_4ar,
oh_20122385,true,1,1,60,10524153.3.0,20122385.3.0,244.549065,m,oh-1ph_1/0ar,
oh_10559938,true,1,1,60,34090005.2.0,10559938.2.0,14.437875,m,oh-1ph_4ar,
oh_10558549,true,1,1,60,10558548.1.0,10558549.1.0,7.824066,m,oh-1ph_1/0ar,
oh_10549269,true,3,3,60,34085341.1.2.3.0,10549269.1.2.3.0,74.116209,m,oh-3ph_4/0aa,
oh_10548950,true,1,1,60,10548951.2.0,10548950.2.0,57.375529,m,oh-1ph_1/0ar,
oh_10523032,true,1,1,60,34086806.3.0,10523032.3.0,252.629186,m,oh-1ph_4ar,
oh_34095669,true,1,1,60,10549309.2.0,34095669.2.0,3.795536,m,oh-1ph_4ar,
oh_34086310,true,1,1,60,34086308.1.0,34086310.1.0,56.756162,m,oh-1ph_1/0ar,
oh_34084952,true,3,3,60,10545682.1.2.3.0,34084952.1.2.3.0,51.796069,m,oh-3ph_4/0aa,
oh_20028685,true,1,1,60,20028684.2.0,20028685.2.0,220.490758,m,oh-1ph_1/0ar,
oh_10559591,true,1,1,60,10560492.2.0,10559591.2.0,58.279371,m,oh-1ph_1/0ar,
oh_10558543,true,1,1,60,10558542.2.0,10558543.2.0,63.020626,m,oh-1ph_1/0ar,
oh_10549261,true,1,1,60,10549260.3.0,10549261.3.0,63.713839,m,oh-1ph_1/0ar,
oh_10548944,true,1,1,60,10548917.3.0,10548944.3.0,7.451332,m,oh-1ph_1/0ar,
oh_34095663,true,3,3,60,34085442.1.2.3.0,34095663.1.2.3.0,3.795521,m,oh-3ph_4/0aa,
oh_34086304,true,1,1,60,10559057.1.0,34086304.1.0,4.11464,m,oh-1ph_6cu,
oh_34084662,true,1,1,60,10559783.2.0,34084662.2.0,55.057075,m,oh-1ph_4ar,
oh_10584630,true,1,1,60,34085954.3.0,10584630.3.0,14.133402,m,oh-1ph_1/0ar,
oh_10559562,true,1,1,60,34086007.1.0,10559562.1.0,151.081378,m,oh-1ph_1/0ar,
oh_10558523,true,3,3,60,34086300.1.2.3.0,10558523.1.2.3.0,118.603482,m,oh-3ph_795aa,
oh_10549252,true,1,1,60,34085951.3.0,10549252.3.0,132.660587,m,oh-1ph_1/0ar,
oh_10548938,true,1,1,60,10548937.3.0,10548938.3.0,156.661223,m,oh-1ph_1/0ar,
oh_34095655,true,1,1,60,10549251.3.0,34095655.3.0,37.00114,m,oh-1ph_1/0ar,
oh_34086298,true,3,3,60,34086299.1.2.3.0,34086298.1.2.3.0,14.854411,m,oh-3ph_4ar,
oh_34084592,true,1,1,60,10548988.2.0,34084592.2.0,3.870648,m,oh-1ph_1/0ar,
oh_10580165,true,3,3,60,10580163.1.2.3.0,10580165.1.2.3.0,7.170108,m,oh-3ph_1/0ar,
oh_10559506,true,1,1,60,10559515.1.0,10559506.1.0,14.701186,m,oh-1ph_6cu,
oh_10558516,true,3,3,60,34086410.1.2.3.0,10558516.1.2.3.0,107.822662,m,oh-3ph_795aa,
oh_10549246,true,1,1,60,34086010.2.0,10549246.2.0,13.551307,m,oh-1ph_1/0ar,
oh_10548931,true,3,3,60,10548922.1.2.3.0,10548931.1.2.3.0,36.396428,m,oh-3ph_4/0aa,
oh_34095644,true,3,3,60,34095643.1.2.3.0,34095644.1.2.3.0,53.93286,m,oh-3ph_2cu,
oh_34086012,true,1,1,60,34095667.3.0,34086012.3.0,168.831643,m,oh-1ph_4ar,
ug_34057718,true,1,1,60,20396849.1.0,34057718.1.0,24.429662,m,ug-1ph_1/0urd,
oh_10579975,true,1,1,60,10524153.3.0,10579975.3.0,7.240989,m,oh-1ph_1/0ar,
oh_10559398,true,1,1,60,34086319.1.0,10559398.1.0,131.59241,m,oh-1ph_1/0ar,
oh_10558509,true,3,3,60,34097396.1.2.3.0,10558509.1.2.3.0,143.665021,m,oh-3ph_795aa,
oh_10549239,true,1,1,60,10549240.2.0,10549239.2.0,72.21417599999999,m,oh-1ph_1/0ar,
oh_10548925,true,3,3,60,10548926.1.2.3.0,10548925.1.2.3.0,12.502063,m,oh-3ph_4/0aa,
oh_34095588,true,1,1,60,34085372.1.0,34095588.1.0,47.365903,m,oh-1ph_1/0ar,
oh_34085953,true,1,1,60,10541616.3.0,34085953.3.0,51.343618,m,oh-1ph_4ar,
ug_34054977,true,1,1,60,20344334.1.0,34054977.1.0,117.896642,m,ug-1ph_1/0urd,
oh_10579842,true,1,1,60,10579828.3.0,10579842.3.0,48.641536,m,oh-1ph_1/0ar,
oh_10559390,true,1,1,60,10559040.1.0,10559390.1.0,106.625981,m,oh-1ph_1/0ar,
oh_10558482,true,1,1,60,10547826.1.0,10558482.1.0,14.201709,m,oh-1ph_1/0ar,
oh_10549226,true,3,3,60,34085286.1.2.3.0,10549226.1.2.3.0,96.128139,m,oh-3ph_795aa,
oh_10548918,true,3,3,60,34090753.1.2.3.0,10548918.1.2.3.0,77.856808,m,oh-3ph_397aa,
oh_34092237,false,3,3,60,10558523.1.2.3.0,10558594.1.2.3.0,48.270866,m,oh-3ph_795aa,
oh_34085490,true,3,3,60,10549221.1.2.3.0,34085490.1.2.3.0,131.267388,m,oh-3ph_795aa,
ug_34054971,true,1,1,60,34054972.3.0,34054971.3.0,83.588793,m,ug-1ph_1/0urd,
oh_10579831,true,1,1,60,34084953.2.0,10579831.2.0,46.003749,m,oh-1ph_1/0ar,
oh_10559267,true,1,1,60,34086307.1.0,10559267.1.0,76.468158,m,oh-1ph_6cu,
oh_10558473,true,3,3,60,10579447.1.2.3.0,10558473.1.2.3.0,80.83391,m,oh-3ph_4ar,
oh_10549220,true,3,3,60,34085490.1.2.3.0,10549220.1.2.3.0,125.190234,m,oh-3ph_795aa,
oh_10548912,true,3,3,60,34085370.1.2.3.0,10548912.1.2.3.0,38.768558,m,oh-3ph_397aa,
oh_34090753,true,3,3,60,34085352.1.2.3.0,34090753.1.2.3.0,100.443289,m,oh-3ph_397aa,
oh_34085462,true,1,1,60,10549011.2.0,34085462.2.0,3.808213,m,oh-1ph_1/0ar,
ug_34054965,true,1,1,60,34054964.2.0,34054965.2.0,43.459895,m,ug-1ph_1/0urd,
ug_10558646,true,1,1,60,10558558.2.0,10558646.2.0,183.152294,m,ug-1ph_1/0urd,
ug_10556739,true,1,1,60,10556738.1.0,10556739.1.0,202.680403,m,ug-1ph_1/0urd,
oh_10549018,true,1,1,60,34085461.3.0,10549018.3.0,42.660176,m,oh-1ph_1/0ar,
oh_10548906,true,3,3,60,10548905.1.2.3.0,10548906.1.2.3.0,95.587428,m,oh-3ph_2cu,
oh_34090004,true,3,3,60,10548913.1.2.3.0,34090004.1.2.3.0,4.210908,m,oh-3ph_397aa,
oh_34085371,true,1,1,60,10548987.2.0,34085371.2.0,25.44613,m,oh-1ph_1/0ar,
oh_20494026,true,1,1,60,10558568.3.0,20494026.3.0,451.176874,m,oh-1ph_1/0ar,
oh_10579373,true,1,1,60,34095664.1.0,10579373.1.0,47.796113,m,oh-1ph_1/0ar,
oh_10558582,true,1,1,60,10558572.3.0,10558582.3.0,68.153829,m,oh-1ph_1/0ar,
oh_10553427,true,3,3,60,10553426.1.2.3.0,10553427.1.2.3.0,353.082735,m,oh-3ph_795aa,
oh_10549009,false,3,3,60,10549010.1.2.3.0,10549009.1.2.3.0,49.336545,m,oh-3ph_795aa,
oh_10547826,true,3,3,60,34086324.1.2.3.0,10547826.1.2.3.0,67.28603,m,oh-3ph_4ar,
oh_34087254,true,3,3,60,34087255.1.2.3.0,34087254.1.2.3.0,66.93607900000001,m,oh-3ph_4ar,
oh_34085340,true,1,1,60,10573328.3.0,34085340.3.0,63.461431,m,oh-1ph_1/0ar,
ug_20416460,true,1,1,60,20396849.1.0,20416460.1.0,95.746013,m,ug-1ph_1/0urd,
oh_10579071,true,1,1,60,34085042.1.0,10579071.1.0,189.604235,m,oh-1ph_4ar,
oh_10558576,true,1,1,60,34086303.3.0,10558576.3.0,112.593617,m,oh-1ph_4ar,
oh_10549313,true,1,1,60,34095669.2.0,10549313.2.0,107.345491,m,oh-1ph_1/0ar,
oh_10548987,true,1,1,60,34090031.2.0,10548987.2.0,67.41644100000001,m,oh-1ph_1/0ar,
oh_10543079,true,3,3,60,34086829.1.2.3.0,10543079.1.2.3.0,134.170857,m,oh-3ph_4ar,
oh_34086800,true,1,1,60,10560616.3.0,34086800.3.0,54.723602,m,oh-1ph_1/0ar,
oh_34085264,true,1,1,60,34085263.2.0,34085264.2.0,60.717752,m,oh-1ph_4ar,
oh_20396846,true,3,3,60,34095644.1.2.3.0,20396846.1.2.3.0,455.118661,m,oh-3ph_2cu,
oh_10574853,true,1,1,60,10574852.3.0,10574853.3.0,102.194661,m,oh-1ph_6cu,
oh_10558569,true,1,1,60,10558513.3.0,10558569.3.0,13.573271,m,oh-1ph_1/0ar,
oh_10549303,true,1,1,60,10542098.3.0,10549303.3.0,13.696805,m,oh-1ph_1/0ar,
oh_10548981,true,1,1,60,34095588.1.0,10548981.1.0,46.2264,m,oh-1ph_1/0ar,
ug_10540314,true,3,3,60,10540313.1.2.3.0,10540314.1.2.3.0,80.006593,m,ug-3ph_1/0urd,
oh_40014845,true,3,3,60,40014844.1.2.3.0,40014845.1.2.3.0,126.257313,m,oh-3ph_795aa,
oh_34086415,true,1,1,60,10558569.3.0,34086415.3.0,119.244876,m,oh-1ph_1/0ar,
oh_34085047,true,1,1,60,10549284.3.0,34085047.3.0,73.252945,m,oh-1ph_1/0ar,
oh_20344372,true,1,1,60,34086794.2.0,20344372.2.0,53.594034,m,oh-1ph_1/0ar,
oh_10573328,true,1,1,60,10573492.3.0,10573328.3.0,90.789079,m,oh-1ph_1/0ar,
oh_10558563,true,1,1,60,10558564.3.0,10558563.3.0,43.874879,m,oh-1ph_1/0ar,
oh_10549290,true,1,1,60,10549283.2.0,10549290.2.0,85.427397,m,oh-1ph_1/0ar,
oh_10548967,true,1,1,60,10542105.1.0,10548967.1.0,8.332366,m,oh-1ph_1/0ar,
oh_10532582,true,1,1,60,34091439.3.0,10532582.3.0,297.71793,m,oh-1ph_1/0ar,
oh_34097397,true,3,3,60,10558509.1.2.3.0,34097397.1.2.3.0,3.798959,m,oh-3ph_795aa,
oh_34086402,true,1,1,60,10559040.1.0,34086402.1.0,4.089934,m,oh-1ph_6cu,
oh_34085041,true,1,1,60,10549433.1.0,34085041.1.0,3.565918,m,oh-1ph_4ar,
ug_20344332,true,1,1,60,20344327.2.0,20344332.2.0,361.278587,m,ug-1ph_1/0urd,
oh_10560616,true,1,1,60,10558554.3.0,10560616.3.0,176.264045,m,oh-1ph_1/0ar,
oh_10558557,true,1,1,60,10558556.3.0,10558557.3.0,92.615358,m,oh-1ph_1/0ar,
oh_10549284,true,1,1,60,34095663.3.0,10549284.3.0,13.764782,m,oh-1ph_1/0ar,
oh_10548957,true,1,1,60,34085033.3.0,10548957.3.0,66.330828,m,oh-1ph_4ar,
oh_10526702,true,1,1,60,34086017.2.0,10526702.2.0,42.139036,m,oh-1ph_4ar,
oh_34097297,true,1,1,60,10559407.1.0,34097297.1.0,89.100251,m,oh-1ph_1/0ar,
oh_34086381,true,1,1,60,10558551.1.0,34086381.1.0,2.752055,m,oh-1ph_1/0ar,
oh_34085035,true,3,3,60,34095663.1.2.3.0,34085035.1.2.3.0,43.299681,m,oh-3ph_4/0aa,
oh_20251418,true,1,1,60,34086405.3.0,20251418.3.0,82.93948399999999,m,oh-1ph_1/0ar,
oh_10560281,true,1,1,60,34084662.2.0,10560281.2.0,117.450846,m,oh-1ph_1/0ar,
oh_10558550,true,1,1,60,10558549.1.0,10558550.1.0,92.73673700000001,m,oh-1ph_1/0ar,
oh_10548951,true,1,1,60,10548915.2.0,10548951.2.0,8.164300000000001,m,oh-1ph_1/0ar,
oh_10523041,true,1,1,60,34091439.3.0,10523041.3.0,71.072873,m,oh-1ph_4ar,
oh_34096113,true,1,1,60,10558543.2.0,34096113.2.0,3.795642,m,oh-1ph_1/0ar,
oh_34086311,true,1,1,60,10559393.1.0,34086311.1.0,3.908429,m,oh-1ph_6cu,
oh_34084953,true,1,1,60,34084954.2.0,34084953.2.0,67.513993,m,oh-1ph_1/0ar,
oh_20079696,true,1,1,60,10549220.3.0,20079696.3.0,13.560889,m,oh-1ph_6cu,
oh_10559592,true,1,1,60,34084665.2.0,10559592.2.0,155.007269,m,oh-1ph_4ar,
oh_10558544,true,1,1,60,34096113.2.0,10558544.2.0,152.59722,m,oh-1ph_1/0ar,
oh_10549262,true,1,1,60,34085488.1.0,10549262.1.0,9.337622,m,oh-1ph_1/0ar,
oh_10548945,true,2,2,60,10548946.2.3.0,10548945.2.3.0,10.045174,m,oh-2ph_1/0ar,
oh_34095664,true,1,1,60,10579069.1.0,34095664.1.0,126.304938,m,oh-1ph_4ar,
oh_34086305,true,1,1,60,34086306.1.0,34086305.1.0,46.586899,m,oh-1ph_6cu,
oh_34084663,true,1,1,60,10559784.2.0,34084663.2.0,53.623944,m,oh-1ph_4ar,
oh_10585091,true,1,1,60,34086799.3.0,10585091.3.0,91.559236,m,oh-1ph_1/0ar,
ug_10559574,true,1,1,60,10559560.1.0,10559574.1.0,164.693272,m,ug-1ph_1/0urd,
oh_10558524,true,3,3,60,10558525.1.2.3.0,10558524.1.2.3.0,88.02080100000001,m,oh-3ph_1/0ar,
oh_10549253,true,1,1,60,10549224.3.0,10549253.3.0,13.375477,m,oh-1ph_4ar,
oh_10548939,true,1,1,60,10549252.3.0,10548939.3.0,4.381791,m,oh-1ph_1/0ar,
oh_34095658,true,3,3,60,34086010.1.2.3.0,34095658.1.2.3.0,4.006654,m,oh-3ph_795aa,
oh_34086299,true,3,3,60,34090086.1.2.3.0,34086299.1.2.3.0,48.225339,m,oh-3ph_4ar,
oh_34084593,true,1,1,60,10548989.2.0,34084593.2.0,4.134483,m,oh-1ph_1/0ar,
oh_10580377,true,1,1,60,34085046.2.0,10580377.2.0,63.071683,m,oh-1ph_4ar,
oh_10559507,true,1,1,60,34097395.1.0,10559507.1.0,106.867455,m,oh-1ph_6cu,
oh_10558517,true,3,3,60,10558516.1.2.3.0,10558517.1.2.3.0,55.648909,m,oh-3ph_795aa,
oh_10549247,true,1,1,60,10549225.3.0,10549247.3.0,13.661363,m,oh-1ph_1/0ar,
oh_10548932,true,3,3,60,34085479.1.2.3.0,10548932.1.2.3.0,7.382454,m,oh-3ph_4/0aa,
oh_34095648,true,1,1,60,34084663.2.0,34095648.2.0,3.726499,m,oh-1ph_4ar,
oh_34086013,true,3,3,60,10549276.1.2.3.0,34086013.1.2.3.0,29.612366,m,oh-3ph_4/0aa,
ug_34057775,true,1,1,60,34054927.1.0,34057775.1.0,132.453074,m,ug-1ph_1/0urd,
oh_10579976,true,1,1,60,10579975.3.0,10579976.3.0,9.651256999999999,m,oh-1ph_1/0ar,
oh_10559399,true,1,1,60,34096667.1.0,10559399.1.0,262.795969,m,oh-1ph_1/0ar,
oh_10558510,true,3,3,60,34097397.1.2.3.0,10558510.1.2.3.0,89.10671600000001,m,oh-3ph_795aa,
oh_10549240,true,1,1,60,10549227.2.0,10549240.2.0,6.749536,m,oh-1ph_1/0ar,
oh_10548926,true,3,3,60,34095592.1.2.3.0,10548926.1.2.3.0,72.409308,m,oh-3ph_4/0aa,
oh_34095589,true,3,3,60,20014991.1.2.3.0,34095589.1.2.3.0,72.08044,m,oh-3ph_1/0ar,
oh_34085954,true,1,1,60,34086012.3.0,34085954.3.0,5.24361,m,oh-1ph_4ar,
ug_34054978,true,1,1,60,34054979.1.0,34054978.1.0,132.054354,m,ug-1ph_1/0urd,
oh_10579843,true,1,1,60,10579832.3.0,10579843.3.0,77.882625,m,oh-1ph_1/0ar,
res_srv_10559391-s-a,true,1,1,60,sec_10559391.1,ld_10559391.1,100,ft,1/0_triplex_1ph,
res_srv_10558483-s-b,true,1,1,60,sec_10558483.2,ld_10558483.2,100,ft,1/0_triplex_1ph,
res_srv_34092313-s-c,true,1,1,60,sec_34092313.3,ld_34092313.3,100,ft,1/0_triplex_1ph,
res_srv_34085491-s-b,true,1,1,60,sec_34085491.2,ld_34085491.2,100,ft,1/0_triplex_1ph,
res_srv_34054972-s-c,true,1,1,60,sec_34054972.3,ld_34054972.3,100,ft,1/0_triplex_1ph,
res_srv_10559275-s-a,true,1,1,60,sec_10559275.1,ld_10559275.1,100,ft,1/0_triplex_1ph,
res_srv_34085468-s-c,true,1,1,60,sec_34085468.3,ld_34085468.3,100,ft,1/0_triplex_1ph,
res_srv_10549020-s-c,true,1,1,60,sec_10549020.3,ld_10549020.3,100,ft,1/0_triplex_1ph,
res_srv_10548907-s-b,true,1,1,60,sec_10548907.2,ld_10548907.2,100,ft,1/0_triplex_1ph,
res_srv_10555985-s-c,true,1,1,60,sec_10555985.3,ld_10555985.3,100,ft,1/0_triplex_1ph,
res_srv_10548988-s-b,true,1,1,60,sec_10548988.2,ld_10548988.2,100,ft,1/0_triplex_1ph,
res_srv_10543795-s-c,true,1,1,60,sec_10543795.3,ld_10543795.3,100,ft,1/0_triplex_1ph,
res_srv_34086801-s-c,true,1,1,60,sec_34086801.3,ld_34086801.3,100,ft,1/0_triplex_1ph,
res_srv_34085286-s-b,true,1,1,60,sec_34085286.2,ld_34085286.2,100,ft,1/0_triplex_1ph,
res_srv_10574854-s-c,true,1,1,60,sec_10574854.3,ld_10574854.3,100,ft,1/0_triplex_1ph,
res_srv_10548982-s-a,true,1,1,60,sec_10548982.1,ld_10548982.1,100,ft,1/0_triplex_1ph,
res_srv_34086794-s-b,true,1,1,60,sec_34086794.2,ld_34086794.2,100,ft,1/0_triplex_1ph,
res_srv_34085048-s-c,true,1,1,60,sec_34085048.3,ld_34085048.3,100,ft,1/0_triplex_1ph,
res_srv_20350796-s-b,true,1,1,60,sec_20350796.2,ld_20350796.2,100,ft,1/0_triplex_1ph,
res_srv_10548968-s-a,true,1,1,60,sec_10548968.1,ld_10548968.1,100,ft,1/0_triplex_1ph,
res_srv_10532911-s-c,true,1,1,60,sec_10532911.3,ld_10532911.3,100,ft,1/0_triplex_1ph,
res_srv_34097398-s-c,true,1,1,60,sec_34097398.3,ld_34097398.3,100,ft,1/0_triplex_1ph,
res_srv_34085042-s-a,true,1,1,60,sec_34085042.1,ld_34085042.1,100,ft,1/0_triplex_1ph,
res_srv_20344333-s-a,true,1,1,60,sec_20344333.1,ld_20344333.1,100,ft,1/0_triplex_1ph,
res_srv_10560618-s-c,true,1,1,60,sec_10560618.3,ld_10560618.3,100,ft,1/0_triplex_1ph,
res_srv_10549285-s-b,true,1,1,60,sec_10549285.2,ld_10549285.2,100,ft,1/0_triplex_1ph,
com_srv_10526890-s-a,true,3,3,60,sec_10526890.1.2.3,ld_10526890.1.2.3,100,ft,1/0_triplex_3ph,
res_srv_34097392-s-c,true,1,1,60,sec_34097392.3,ld_34097392.3,100,ft,1/0_triplex_1ph,
res_srv_34085036-s-a,true,1,1,60,sec_34085036.1,ld_34085036.1,100,ft,1/0_triplex_1ph,
res_srv_20251419-s-c,true,1,1,60,sec_20251419.3,ld_20251419.3,100,ft,1/0_triplex_1ph,
res_srv_10560337-s-b,true,1,1,60,sec_10560337.2,ld_10560337.2,100,ft,1/0_triplex_1ph,
res_srv_10558551-s-a,true,1,1,60,sec_10558551.1,ld_10558551.1,100,ft,1/0_triplex_1ph,
res_srv_10524061-s-c,true,1,1,60,sec_10524061.3,ld_10524061.3,100,ft,1/0_triplex_1ph,
res_srv_34096115-s-b,true,1,1,60,sec_34096115.2,ld_34096115.2,100,ft,1/0_triplex_1ph,
res_srv_34086318-s-b,true,1,1,60,sec_34086318.2,ld_34086318.2,100,ft,1/0_triplex_1ph,
res_srv_34084954-s-b,true,1,1,60,sec_34084954.2,ld_34084954.2,100,ft,1/0_triplex_1ph,
res_srv_10558545-s-b,true,1,1,60,sec_10558545.2,ld_10558545.2,100,ft,1/0_triplex_1ph,
res_srv_10549263-s-a,true,1,1,60,sec_10549263.1,ld_10549263.1,100,ft,1/0_triplex_1ph,
res_srv_34095665-s-b,true,1,1,60,sec_34095665.2,ld_34095665.2,100,ft,1/0_triplex_1ph,
res_srv_34086306-s-a,true,1,1,60,sec_34086306.1,ld_34086306.1,100,ft,1/0_triplex_1ph,
res_srv_34084664-s-b,true,1,1,60,sec_34084664.2,ld_34084664.2,100,ft,1/0_triplex_1ph,
res_srv_20014991-s-c,true,1,1,60,sec_20014991.3,ld_20014991.3,100,ft,1/0_triplex_1ph,
res_srv_10559587-s-c,true,1,1,60,sec_10559587.3,ld_10559587.3,100,ft,1/0_triplex_1ph,
res_srv_10549255-s-c,true,1,1,60,sec_10549255.3,ld_10549255.3,100,ft,1/0_triplex_1ph,
res_srv_10548940-s-b,true,1,1,60,sec_10548940.2,ld_10548940.2,100,ft,1/0_triplex_1ph,
res_srv_34095659-s-c,true,1,1,60,sec_34095659.3,ld_34095659.3,100,ft,1/0_triplex_1ph,
res_srv_34086300-s-c,true,1,1,60,sec_34086300.3,ld_34086300.3,100,ft,1/0_triplex_1ph,
res_srv_10580378-s-b,true,1,1,60,sec_10580378.2,ld_10580378.2,100,ft,1/0_triplex_1ph,
res_srv_10549248-s-c,true,1,1,60,sec_10549248.3,ld_10549248.3,100,ft,1/0_triplex_1ph,
com_srv_10548933-s-a,true,3,3,60,sec_10548933.1.2.3,ld_10548933.1.2.3,100,ft,1/0_triplex_3ph,
res_srv_34086016-s-b,true,1,1,60,sec_34086016.2,ld_34086016.2,100,ft,1/0_triplex_1ph,
res_srv_34057797-s-c,true,1,1,60,sec_34057797.3,ld_34057797.3,100,ft,1/0_triplex_1ph,
res_srv_10579978-s-c,true,1,1,60,sec_10579978.3,ld_10579978.3,100,ft,1/0_triplex_1ph,
res_srv_10549241-s-b,true,1,1,60,sec_10549241.2,ld_10549241.2,100,ft,1/0_triplex_1ph,
res_srv_10548927-s-c,true,1,1,60,sec_10548927.3,ld_10548927.3,100,ft,1/0_triplex_1ph,
res_srv_34095590-s-a,true,1,1,60,sec_34095590.1,ld_34095590.1,100,ft,1/0_triplex_1ph,
res_srv_34054979-s-a,true,1,1,60,sec_34054979.1,ld_34054979.1,100,ft,1/0_triplex_1ph,
res_srv_10559392-s-a,true,1,1,60,sec_10559392.1,ld_10559392.1,100,ft,1/0_triplex_1ph,
res_srv_34095281-s-a,true,1,1,60,sec_34095281.1,ld_34095281.1,100,ft,1/0_triplex_1ph,
res_srv_10579833-s-b,true,1,1,60,sec_10579833.2,ld_10579833.2,100,ft,1/0_triplex_1ph,
res_srv_10559385-s-a,true,1,1,60,sec_10559385.1,ld_10559385.1,100,ft,1/0_triplex_1ph,
com_srv_34090007-s-a,true,3,3,60,sec_34090007.1.2.3,ld_34090007.1.2.3,100,ft,1/0_triplex_3ph,
res_srv_34085401-s-b,true,1,1,60,sec_34085401.2,ld_34085401.2,100,ft,1/0_triplex_1ph,
res_srv_34054927-s-a,true,1,1,60,sec_34054927.1,ld_34054927.1,100,ft,1/0_triplex_1ph,
res_srv_10556735-s-a,true,1,1,60,sec_10556735.1,ld_10556735.1,100,ft,1/0_triplex_1ph,
com_srv_10548901-s-a,true,3,3,60,sec_10548901.1.2.3,ld_10548901.1.2.3,100,ft,1/0_triplex_3ph,
res_srv_34087256-s-b,true,1,1,60,sec_34087256.2,ld_34087256.2,100,ft,1/0_triplex_1ph,
res_srv_20437314-s-a,true,1,1,60,sec_20437314.1,ld_20437314.1,100,ft,1/0_triplex_1ph,
res_srv_10579185-s-a,true,1,1,60,sec_10579185.1,ld_10579185.1,100,ft,1/0_triplex_1ph,
res_srv_10548989-s-b,true,1,1,60,sec_10548989.2,ld_10548989.2,100,ft,1/0_triplex_1ph,
res_srv_34086802-s-c,true,1,1,60,sec_34086802.3,ld_34086802.3,100,ft,1/0_triplex_1ph,
res_srv_10549309-s-b,true,1,1,60,sec_10549309.2,ld_10549309.2,100,ft,1/0_triplex_1ph,
res_srv_10548983-s-a,true,1,1,60,sec_10548983.1,ld_10548983.1,100,ft,1/0_triplex_1ph,
res_srv_10541616-s-c,true,1,1,60,sec_10541616.3,ld_10541616.3,100,ft,1/0_triplex_1ph,
res_srv_40154810-s-a,true,1,1,60,sec_40154810.1,ld_40154810.1,100,ft,1/0_triplex_1ph,
res_srv_34086796-s-b,true,1,1,60,sec_34086796.2,ld_34086796.2,100,ft,1/0_triplex_1ph,
res_srv_34085260-s-b,true,1,1,60,sec_34085260.2,ld_34085260.2,100,ft,1/0_triplex_1ph,
res_srv_10558565-s-c,true,1,1,60,sec_10558565.3,ld_10558565.3,100,ft,1/0_triplex_1ph,
res_srv_10549286-s-b,true,1,1,60,sec_10549286.2,ld_10549286.2,100,ft,1/0_triplex_1ph,
res_srv_10548961-s-b,true,1,1,60,sec_10548961.2,ld_10548961.2,100,ft,1/0_triplex_1ph,
res_srv_10528321-s-b,true,1,1,60,sec_10528321.2,ld_10528321.2,100,ft,1/0_triplex_1ph,
res_srv_34097393-s-c,true,1,1,60,sec_34097393.3,ld_34097393.3,100,ft,1/0_triplex_1ph,
res_srv_34086383-s-c,true,1,1,60,sec_34086383.3,ld_34086383.3,100,ft,1/0_triplex_1ph,
res_srv_10560338-s-b,true,1,1,60,sec_10560338.2,ld_10560338.2,100,ft,1/0_triplex_1ph,
res_srv_10549276-s-a,true,1,1,60,sec_10549276.1,ld_10549276.1,100,ft,1/0_triplex_1ph,
res_srv_10548953-s-a,true,1,1,60,sec_10548953.1,ld_10548953.1,100,ft,1/0_triplex_1ph,
res_srv_34096116-s-b,true,1,1,60,sec_34096116.2,ld_34096116.2,100,ft,1/0_triplex_1ph,
res_srv_10559735-s-c,true,1,1,60,sec_10559735.3,ld_10559735.3,100,ft,1/0_triplex_1ph,
res_srv_10548947-s-a,true,1,1,60,sec_10548947.1,ld_10548947.1,100,ft,1/0_triplex_1ph,
res_srv_34086307-s-a,true,1,1,60,sec_34086307.1,ld_34086307.1,100,ft,1/0_triplex_1ph,
res_srv_34084665-s-b,true,1,1,60,sec_34084665.2,ld_34084665.2,100,ft,1/0_triplex_1ph,
res_srv_20014992-s-a,true,1,1,60,sec_20014992.1,ld_20014992.1,100,ft,1/0_triplex_1ph,
res_srv_10559588-s-c,true,1,1,60,sec_10559588.3,ld_10559588.3,100,ft,1/0_triplex_1ph,
res_srv_10549258-s-c,true,1,1,60,sec_10549258.3,ld_10549258.3,100,ft,1/0_triplex_1ph,
res_srv_10548941-s-c,true,1,1,60,sec_10548941.3,ld_10548941.3,100,ft,1/0_triplex_1ph,
res_srv_34095660-s-c,true,1,1,60,sec_34095660.3,ld_34095660.3,100,ft,1/0_triplex_1ph,
res_srv_34086301-s-c,true,1,1,60,sec_34086301.3,ld_34086301.3,100,ft,1/0_triplex_1ph,
res_srv_34084602-s-c,true,1,1,60,sec_34084602.3,ld_34084602.3,100,ft,1/0_triplex_1ph,
res_srv_34095650-s-b,true,1,1,60,sec_34095650.2,ld_34095650.2,100,ft,1/0_triplex_1ph,
res_srv_34057798-s-b,true,1,1,60,sec_34057798.2,ld_34057798.2,100,ft,1/0_triplex_1ph,
com_srv_10580150-s-a,true,3,3,60,sec_10580150.1.2.3,ld_10580150.1.2.3,100,ft,unknown_750,
res_srv_10559407-s-a,true,1,1,60,sec_10559407.1,ld_10559407.1,100,ft,1/0_triplex_1ph,
res_srv_34095591-s-c,true,1,1,60,sec_34095591.3,ld_34095591.3,100,ft,1/0_triplex_1ph,
res_srv_34054980-s-a,true,1,1,60,sec_34054980.1,ld_34054980.1,100,ft,1/0_triplex_1ph,
res_srv_10579845-s-c,true,1,1,60,sec_10579845.3,ld_10579845.3,100,ft,1/0_triplex_1ph,
res_srv_10559393-s-a,true,1,1,60,sec_10559393.1,ld_10559393.1,100,ft,1/0_triplex_1ph,
res_srv_34085493-s-a,true,1,1,60,sec_34085493.1,ld_34085493.1,100,ft,1/0_triplex_1ph,
res_srv_34054974-s-b,true,1,1,60,sec_34054974.2,ld_34054974.2,100,ft,1/0_triplex_1ph,
res_srv_10559386-s-a,true,1,1,60,sec_10559386.1,ld_10559386.1,100,ft,1/0_triplex_1ph,
res_srv_10558477-s-c,true,1,1,60,sec_10558477.3,ld_10558477.3,100,ft,1/0_triplex_1ph,
res_srv_10549223-s-b,true,1,1,60,sec_10549223.2,ld_10549223.2,100,ft,1/0_triplex_1ph,
res_srv_10559057-s-a,true,1,1,60,sec_10559057.1,ld_10559057.1,100,ft,1/0_triplex_1ph,
res_srv_10558215-s-c,true,1,1,60,sec_10558215.3,ld_10558215.3,100,ft,1/0_triplex_1ph,
res_srv_34085402-s-b,true,1,1,60,sec_34085402.2,ld_34085402.2,100,ft,1/0_triplex_1ph,
res_srv_34054962-s-a,true,1,1,60,sec_34054962.1,ld_34054962.1,100,ft,1/0_triplex_1ph,
res_srv_10556736-s-a,true,1,1,60,sec_10556736.1,ld_10556736.1,100,ft,1/0_triplex_1ph,
res_srv_10549013-s-b,true,1,1,60,sec_10549013.2,ld_10549013.2,100,ft,1/0_triplex_1ph,
res_srv_20456673-s-c,true,1,1,60,sec_20456673.3,ld_20456673.3,100,ft,1/0_triplex_1ph,
res_srv_10579196-s-a,true,1,1,60,sec_10579196.1,ld_10579196.1,100,ft,1/0_triplex_1ph,
res_srv_10558579-s-c,true,1,1,60,sec_10558579.3,ld_10558579.3,100,ft,1/0_triplex_1ph,
res_srv_10548992-s-b,true,1,1,60,sec_10548992.2,ld_10548992.2,100,ft,1/0_triplex_1ph,
res_srv_10545431-s-a,true,1,1,60,sec_10545431.1,ld_10545431.1,100,ft,1/0_triplex_1ph,
res_srv_34086805-s-c,true,1,1,60,sec_34086805.3,ld_34086805.3,100,ft,1/0_triplex_1ph,
res_srv_34085312-s-a,true,1,1,60,sec_34085312.1,ld_34085312.1,100,ft,1/0_triplex_1ph,
res_srv_20409718-s-c,true,1,1,60,sec_20409718.3,ld_20409718.3,100,ft,1/0_triplex_1ph,
res_srv_10549310-s-b,true,1,1,60,sec_10549310.2,ld_10549310.2,100,ft,1/0_triplex_1ph,
res_srv_34086797-s-b,true,1,1,60,sec_34086797.2,ld_34086797.2,100,ft,1/0_triplex_1ph,
res_srv_10573495-s-c,true,1,1,60,sec_10573495.3,ld_10573495.3,100,ft,1/0_triplex_1ph,
res_srv_10549293-s-a,true,1,1,60,sec_10549293.1,ld_10549293.1,100,ft,1/0_triplex_1ph,
res_srv_10548977-s-a,true,1,1,60,sec_10548977.1,ld_10548977.1,100,ft,1/0_triplex_1ph,
res_srv_34085044-s-b,true,1,1,60,sec_34085044.2,ld_34085044.2,100,ft,1/0_triplex_1ph,
res_srv_10571603-s-a,true,1,1,60,sec_10571603.1,ld_10571603.1,100,ft,1/0_triplex_1ph,
res_srv_10549287-s-b,true,1,1,60,sec_10549287.2,ld_10549287.2,100,ft,1/0_triplex_1ph,
res_srv_10548962-s-b,true,1,1,60,sec_10548962.2,ld_10548962.2,100,ft,1/0_triplex_1ph,
res_srv_10529606-s-a,true,1,1,60,sec_10529606.1,ld_10529606.1,100,ft,1/0_triplex_1ph,
res_srv_34097394-s-a,true,1,1,60,sec_34097394.1,ld_34097394.1,100,ft,1/0_triplex_1ph,
res_srv_34086384-s-c,true,1,1,60,sec_34086384.3,ld_34086384.3,100,ft,1/0_triplex_1ph,
res_srv_10560401-s-b,true,1,1,60,sec_10560401.2,ld_10560401.2,100,ft,1/0_triplex_1ph,
res_srv_10558553-s-a,true,1,1,60,sec_10558553.1,ld_10558553.1,100,ft,1/0_triplex_1ph,
res_srv_10549278-s-a,true,1,1,60,sec_10549278.1,ld_10549278.1,100,ft,1/0_triplex_1ph,
res_srv_10548954-s-c,true,1,1,60,sec_10548954.3,ld_10548954.3,100,ft,1/0_triplex_1ph,
res_srv_34084956-s-b,true,1,1,60,sec_34084956.2,ld_34084956.2,100,ft,1/0_triplex_1ph,
res_srv_10559783-s-b,true,1,1,60,sec_10559783.2,ld_10559783.2,100,ft,1/0_triplex_1ph,
res_srv_10558547-s-c,true,1,1,60,sec_10558547.3,ld_10558547.3,100,ft,1/0_triplex_1ph,
res_srv_10548948-s-b,true,1,1,60,sec_10548948.2,ld_10548948.2,100,ft,1/0_triplex_1ph,
res_srv_10522508-s-b,true,1,1,60,sec_10522508.2,ld_10522508.2,100,ft,1/0_triplex_1ph,
res_srv_34095667-s-c,true,1,1,60,sec_34095667.3,ld_34095667.3,100,ft,1/0_triplex_1ph,
res_srv_34084666-s-b,true,1,1,60,sec_34084666.2,ld_34084666.2,100,ft,1/0_triplex_1ph,
res_srv_10559589-s-c,true,1,1,60,sec_10559589.3,ld_10559589.3,100,ft,1/0_triplex_1ph,
res_srv_10549259-s-c,true,1,1,60,sec_10549259.3,ld_10549259.3,100,ft,1/0_triplex_1ph,
res_srv_34084616-s-a,true,1,1,60,sec_34084616.1,ld_34084616.1,100,ft,1/0_triplex_1ph,
res_srv_10559558-s-a,true,1,1,60,sec_10559558.1,ld_10559558.1,100,ft,1/0_triplex_1ph,
res_srv_10549250-s-a,true,1,1,60,sec_10549250.1,ld_10549250.1,100,ft,1/0_triplex_1ph,
com_srv_34095651-s-a,true,1,1,60,sec_34095651.1,ld_34095651.1,100,ft,1/0_triplex_1ph,
res_srv_10559451-s-a,true,1,1,60,sec_10559451.1,ld_10559451.1,100,ft,1/0_triplex_1ph,
res_srv_34054992-s-a,true,1,1,60,sec_34054992.1,ld_34054992.1,100,ft,1/0_triplex_1ph,
res_srv_10579847-s-b,true,1,1,60,sec_10579847.2,ld_10579847.2,100,ft,1/0_triplex_1ph,
res_srv_10559394-s-a,true,1,1,60,sec_10559394.1,ld_10559394.1,100,ft,1/0_triplex_1ph,
res_srv_34095580-s-b,true,1,1,60,sec_34095580.2,ld_34095580.2,100,ft,1/0_triplex_1ph,
res_srv_34085951-s-c,true,1,1,60,sec_34085951.3,ld_34085951.3,100,ft,1/0_triplex_1ph,
res_srv_34054975-s-b,true,1,1,60,sec_34054975.2,ld_34054975.2,100,ft,1/0_triplex_1ph,
res_srv_10579840-s-c,true,1,1,60,sec_10579840.3,ld_10579840.3,100,ft,1/0_triplex_1ph,
res_srv_10559387-s-a,true,1,1,60,sec_10559387.1,ld_10559387.1,100,ft,1/0_triplex_1ph,
res_srv_34092154-s-a,true,1,1,60,sec_34092154.1,ld_34092154.1,100,ft,1/0_triplex_1ph,
res_srv_10559090-s-a,true,1,1,60,sec_10559090.1,ld_10559090.1,100,ft,1/0_triplex_1ph,
res_srv_10548910-s-b,true,1,1,60,sec_10548910.2,ld_10548910.2,100,ft,1/0_triplex_1ph,
res_srv_34085442-s-a,true,1,1,60,sec_34085442.1,ld_34085442.1,100,ft,1/0_triplex_1ph,
res_srv_10579829-s-c,true,1,1,60,sec_10579829.3,ld_10579829.3,100,ft,1/0_triplex_1ph,
res_srv_10558586-s-a,true,1,1,60,sec_10558586.1,ld_10558586.1,100,ft,1/0_triplex_1ph,
res_srv_10549015-s-b,true,1,1,60,sec_10549015.2,ld_10549015.2,100,ft,1/0_triplex_1ph,
res_srv_34085352-s-b,true,1,1,60,sec_34085352.2,ld_34085352.2,100,ft,1/0_triplex_1ph,
res_srv_20456674-s-c,true,1,1,60,sec_20456674.3,ld_20456674.3,100,ft,1/0_triplex_1ph,
res_srv_10579231-s-a,true,1,1,60,sec_10579231.1,ld_10579231.1,100,ft,1/0_triplex_1ph,
res_srv_10558580-s-c,true,1,1,60,sec_10558580.3,ld_10558580.3,100,ft,1/0_triplex_1ph,
res_srv_10552942-s-a,true,1,1,60,sec_10552942.1,ld_10552942.1,100,ft,1/0_triplex_1ph,
res_srv_10545502-s-a,true,1,1,60,sec_10545502.1,ld_10545502.1,100,ft,1/0_triplex_1ph,
res_srv_34086806-s-c,true,1,1,60,sec_34086806.3,ld_34086806.3,100,ft,1/0_triplex_1ph,
res_srv_10558573-s-c,true,1,1,60,sec_10558573.3,ld_10558573.3,100,ft,1/0_triplex_1ph,
res_srv_10548985-s-a,true,1,1,60,sec_10548985.1,ld_10548985.1,100,ft,1/0_triplex_1ph,
res_srv_40156536-s-a,true,1,1,60,sec_40156536.1,ld_40156536.1,100,ft,1/0_triplex_1ph,
res_srv_34085262-s-b,true,1,1,60,sec_34085262.2,ld_34085262.2,100,ft,1/0_triplex_1ph,
res_srv_10549294-s-c,true,1,1,60,sec_10549294.3,ld_10549294.3,100,ft,1/0_triplex_1ph,
com_srv_10548979-s-a,true,1,1,60,sec_10548979.1,ld_10548979.1,100,ft,1/0_triplex_1ph,
com_srv_10540312-s-a,true,3,3,60,sec_10540312.1.2.3,ld_10540312.1.2.3,100,ft,unknown_750,
res_srv_34086410-s-b,true,1,1,60,sec_34086410.2,ld_34086410.2,100,ft,1/0_triplex_1ph,
res_srv_34085045-s-b,true,1,1,60,sec_34085045.2,ld_34085045.2,100,ft,1/0_triplex_1ph,
res_srv_10529607-s-a,true,1,1,60,sec_10529607.1,ld_10529607.1,100,ft,1/0_triplex_1ph,
res_srv_34097395-s-a,true,1,1,60,sec_34097395.1,ld_34097395.1,100,ft,1/0_triplex_1ph,
res_srv_34086400-s-c,true,1,1,60,sec_34086400.3,ld_34086400.3,100,ft,1/0_triplex_1ph,
res_srv_10560402-s-b,true,1,1,60,sec_10560402.2,ld_10560402.2,100,ft,1/0_triplex_1ph,
res_srv_34096668-s-a,true,1,1,60,sec_34096668.1,ld_34096668.1,100,ft,1/0_triplex_1ph,
res_srv_34084957-s-a,true,1,1,60,sec_34084957.1,ld_34084957.1,100,ft,1/0_triplex_1ph,
com_srv_20114730-s-c,true,3,3,60,sec_20114730.1.2.3,ld_20114730.1.2.3,100,ft,1/0_triplex_3ph,
res_srv_10559784-s-b,true,1,1,60,sec_10559784.2,ld_10559784.2,100,ft,1/0_triplex_1ph,
res_srv_10549266-s-b,true,1,1,60,sec_10549266.2,ld_10549266.2,100,ft,1/0_triplex_1ph,
res_srv_34095668-s-b,true,1,1,60,sec_34095668.2,ld_34095668.2,100,ft,1/0_triplex_1ph,
res_srv_34086309-s-a,true,1,1,60,sec_34086309.1,ld_34086309.1,100,ft,1/0_triplex_1ph,
res_srv_34086303-s-c,true,1,1,60,sec_34086303.3,ld_34086303.3,100,ft,1/0_triplex_1ph,
res_srv_34084661-s-b,true,1,1,60,sec_34084661.2,ld_34084661.2,100,ft,1/0_triplex_1ph,
res_srv_34095654-s-b,true,1,1,60,sec_34095654.2,ld_34095654.2,100,ft,1/0_triplex_1ph,
res_srv_34086019-s-a,true,1,1,60,sec_34086019.1,ld_34086019.1,100,ft,1/0_triplex_1ph,
com_srv_34084591-s-b,true,1,1,60,sec_34084591.2,ld_34084591.2,100,ft,1/0_triplex_1ph,
res_srv_10559487-s-a,true,1,1,60,sec_10559487.1,ld_10559487.1,100,ft,1/0_triplex_1ph,
res_srv_10549245-s-b,true,1,1,60,sec_10549245.2,ld_10549245.2,100,ft,1/0_triplex_1ph,
res_srv_34095643-s-a,true,1,1,60,sec_34095643.1,ld_34095643.1,100,ft,1/0_triplex_1ph,
res_srv_34055522-s-a,true,1,1,60,sec_34055522.1,ld_34055522.1,100,ft,1/0_triplex_1ph,
res_srv_10559396-s-a,true,1,1,60,sec_10559396.1,ld_10559396.1,100,ft,1/0_triplex_1ph,
com_srv_10558507-s-a,true,3,3,60,sec_10558507.1.2.3,ld_10558507.1.2.3,100,ft,1/0_triplex_3ph,
res_srv_10549232-s-b,true,1,1,60,sec_10549232.2,ld_10549232.2,100,ft,1/0_triplex_1ph,
res_srv_34095581-s-b,true,1,1,60,sec_34095581.2,ld_34095581.2,100,ft,1/0_triplex_1ph,
res_srv_34085952-s-c,true,1,1,60,sec_34085952.3,ld_34085952.3,100,ft,1/0_triplex_1ph,
res_srv_34054976-s-a,true,1,1,60,sec_34054976.1,ld_34054976.1,100,ft,1/0_triplex_1ph,
res_srv_10559389-s-a,true,1,1,60,sec_10559389.1,ld_10559389.1,100,ft,1/0_triplex_1ph,
res_srv_10558481-s-a,true,1,1,60,sec_10558481.1,ld_10558481.1,100,ft,1/0_triplex_1ph,
res_srv_34092234-s-c,true,1,1,60,sec_34092234.3,ld_34092234.3,100,ft,1/0_triplex_1ph,
res_srv_34085489-s-c,true,1,1,60,sec_34085489.3,ld_34085489.3,100,ft,1/0_triplex_1ph,
res_srv_10579830-s-c,true,1,1,60,sec_10579830.3,ld_10579830.3,100,ft,1/0_triplex_1ph,
res_srv_10558471-s-c,true,1,1,60,sec_10558471.3,ld_10558471.3,100,ft,1/0_triplex_1ph,
res_srv_10548911-s-a,true,1,1,60,sec_10548911.1,ld_10548911.1,100,ft,1/0_triplex_1ph,
res_srv_34090086-s-c,true,1,1,60,sec_34090086.3,ld_34090086.3,100,ft,1/0_triplex_1ph,
res_srv_34090003-s-c,true,1,1,60,sec_34090003.3,ld_34090003.3,100,ft,1/0_triplex_1ph,
res_srv_20494025-s-c,true,1,1,60,sec_20494025.3,ld_20494025.3,100,ft,1/0_triplex_1ph,
res_srv_10579234-s-a,true,1,1,60,sec_10579234.1,ld_10579234.1,100,ft,1/0_triplex_1ph,
res_srv_10558581-s-c,true,1,1,60,sec_10558581.3,ld_10558581.3,100,ft,1/0_triplex_1ph,
res_srv_10548994-s-c,true,1,1,60,sec_10548994.3,ld_10548994.3,100,ft,1/0_triplex_1ph,
res_srv_10545682-s-a,true,1,1,60,sec_10545682.1,ld_10545682.1,100,ft,1/0_triplex_1ph,
res_srv_34085321-s-a,true,1,1,60,sec_34085321.1,ld_34085321.1,100,ft,1/0_triplex_1ph,
res_srv_10558575-s-c,true,1,1,60,sec_10558575.3,ld_10558575.3,100,ft,1/0_triplex_1ph,
res_srv_10549312-s-b,true,1,1,60,sec_10549312.2,ld_10549312.2,100,ft,1/0_triplex_1ph,
res_srv_10548986-s-a,true,1,1,60,sec_10548986.1,ld_10548986.1,100,ft,1/0_triplex_1ph,
res_srv_10542412-s-a,true,1,1,60,sec_10542412.1,ld_10542412.1,100,ft,1/0_triplex_1ph,
res_srv_34085263-s-b,true,1,1,60,sec_34085263.2,ld_34085263.2,100,ft,1/0_triplex_1ph,
com_srv_20396677-s-a,true,3,3,60,sec_20396677.1.2.3,ld_20396677.1.2.3,100,ft,1/0_triplex_3ph,
res_srv_34085046-s-b,true,1,1,60,sec_34085046.2,ld_34085046.2,100,ft,1/0_triplex_1ph,
res_srv_10558562-s-c,true,1,1,60,sec_10558562.3,ld_10558562.3,100,ft,1/0_triplex_1ph,
res_srv_10549289-s-c,true,1,1,60,sec_10549289.3,ld_10549289.3,100,ft,1/0_triplex_1ph,
com_srv_10548965-s-c,true,3,3,60,sec_10548965.1.2.3,ld_10548965.1.2.3,100,ft,1/0_triplex_3ph,
res_srv_10529608-s-a,true,1,1,60,sec_10529608.1,ld_10529608.1,100,ft,1/0_triplex_1ph,
res_srv_34097396-s-c,true,1,1,60,sec_34097396.3,ld_34097396.3,100,ft,1/0_triplex_1ph,
res_srv_34086401-s-c,true,1,1,60,sec_34086401.3,ld_34086401.3,100,ft,1/0_triplex_1ph,
res_srv_34085040-s-a,true,1,1,60,sec_34085040.1,ld_34085040.1,100,ft,1/0_triplex_1ph,
res_srv_20344331-s-c,true,1,1,60,sec_20344331.3,ld_20344331.3,100,ft,1/0_triplex_1ph,
res_srv_10548956-s-c,true,1,1,60,sec_10548956.3,ld_10548956.3,100,ft,1/0_triplex_1ph,
res_srv_10525295-s-c,true,1,1,60,sec_10525295.3,ld_10525295.3,100,ft,1/0_triplex_1ph,
res_srv_34086324-s-c,true,1,1,60,sec_34086324.3,ld_34086324.3,100,ft,1/0_triplex_1ph,
res_srv_20122385-s-c,true,1,1,60,sec_20122385.3,ld_20122385.3,100,ft,1/0_triplex_1ph,
res_srv_10549269-s-c,true,1,1,60,sec_10549269.3,ld_10549269.3,100,ft,1/0_triplex_1ph,
res_srv_10548950-s-b,true,1,1,60,sec_10548950.2,ld_10548950.2,100,ft,1/0_triplex_1ph,
res_srv_10523032-s-c,true,1,1,60,sec_10523032.3,ld_10523032.3,100,ft,1/0_triplex_1ph,
res_srv_34086310-s-a,true,1,1,60,sec_34086310.1,ld_34086310.1,100,ft,1/0_triplex_1ph,
res_srv_34084952-s-a,true,1,1,60,sec_34084952.1,ld_34084952.1,100,ft,1/0_triplex_1ph,
res_srv_20028685-s-b,true,1,1,60,sec_20028685.2,ld_20028685.2,100,ft,1/0_triplex_1ph,
res_srv_10559591-s-b,true,1,1,60,sec_10559591.2,ld_10559591.2,100,ft,1/0_triplex_1ph,
res_srv_10549261-s-c,true,1,1,60,sec_10549261.3,ld_10549261.3,100,ft,1/0_triplex_1ph,
res_srv_10558523-s-b,true,1,1,60,sec_10558523.2,ld_10558523.2,100,ft,1/0_triplex_1ph,
res_srv_10548938-s-c,true,1,1,60,sec_10548938.3,ld_10548938.3,100,ft,1/0_triplex_1ph,
res_srv_34095655-s-c,true,1,1,60,sec_34095655.3,ld_34095655.3,100,ft,1/0_triplex_1ph,
res_srv_10548931-s-a,true,1,1,60,sec_10548931.1,ld_10548931.1,100,ft,1/0_triplex_1ph,
res_srv_34057718-s-a,true,1,1,60,sec_34057718.1,ld_34057718.1,100,ft,1/0_triplex_1ph,
res_srv_10559398-s-a,true,1,1,60,sec_10559398.1,ld_10559398.1,100,ft,1/0_triplex_1ph,
res_srv_10558509-s-b,true,1,1,60,sec_10558509.2,ld_10558509.2,100,ft,1/0_triplex_1ph,
res_srv_10549239-s-b,true,1,1,60,sec_10549239.2,ld_10549239.2,100,ft,1/0_triplex_1ph,
res_srv_34095588-s-a,true,1,1,60,sec_34095588.1,ld_34095588.1,100,ft,1/0_triplex_1ph,
res_srv_34085953-s-c,true,1,1,60,sec_34085953.3,ld_34085953.3,100,ft,1/0_triplex_1ph,
res_srv_10559390-s-a,true,1,1,60,sec_10559390.1,ld_10559390.1,100,ft,1/0_triplex_1ph,
res_srv_10549226-s-c,true,1,1,60,sec_10549226.3,ld_10549226.3,100,ft,1/0_triplex_1ph,
res_srv_34085490-s-c,true,1,1,60,sec_34085490.3,ld_34085490.3,100,ft,1/0_triplex_1ph,
res_srv_34054971-s-c,true,1,1,60,sec_34054971.3,ld_34054971.3,100,ft,1/0_triplex_1ph,
res_srv_10579831-s-b,true,1,1,60,sec_10579831.2,ld_10579831.2,100,ft,1/0_triplex_1ph,
res_srv_34090753-s-a,true,1,1,60,sec_34090753.1,ld_34090753.1,100,ft,1/0_triplex_1ph,
res_srv_34085462-s-b,true,1,1,60,sec_34085462.2,ld_34085462.2,100,ft,1/0_triplex_1ph,
res_srv_34054965-s-b,true,1,1,60,sec_34054965.2,ld_34054965.2,100,ft,1/0_triplex_1ph,
res_srv_10558646-s-b,true,1,1,60,sec_10558646.2,ld_10558646.2,100,ft,1/0_triplex_1ph,
res_srv_10556739-s-a,true,1,1,60,sec_10556739.1,ld_10556739.1,100,ft,1/0_triplex_1ph,
res_srv_10549018-s-c,true,1,1,60,sec_10549018.3,ld_10549018.3,100,ft,1/0_triplex_1ph,
com_srv_34090004-s-c,true,3,3,60,sec_34090004.1.2.3,ld_34090004.1.2.3,100,ft,1/0_triplex_3ph,
res_srv_34085371-s-b,true,1,1,60,sec_34085371.2,ld_34085371.2,100,ft,1/0_triplex_1ph,
res_srv_20494026-s-c,true,1,1,60,sec_20494026.3,ld_20494026.3,100,ft,1/0_triplex_1ph,
res_srv_10579373-s-a,true,1,1,60,sec_10579373.1,ld_10579373.1,100,ft,1/0_triplex_1ph,
res_srv_10558582-s-c,true,1,1,60,sec_10558582.3,ld_10558582.3,100,ft,1/0_triplex_1ph,
res_srv_34087254-s-c,true,1,1,60,sec_34087254.3,ld_34087254.3,100,ft,1/0_triplex_1ph,
res_srv_34085340-s-c,true,1,1,60,sec_34085340.3,ld_34085340.3,100,ft,1/0_triplex_1ph,
res_srv_20416460-s-a,true,1,1,60,sec_20416460.1,ld_20416460.1,100,ft,1/0_triplex_1ph,
res_srv_10558576-s-c,true,1,1,60,sec_10558576.3,ld_10558576.3,100,ft,1/0_triplex_1ph,
res_srv_10549313-s-b,true,1,1,60,sec_10549313.2,ld_10549313.2,100,ft,1/0_triplex_1ph,
res_srv_34086800-s-c,true,1,1,60,sec_34086800.3,ld_34086800.3,100,ft,1/0_triplex_1ph,
res_srv_34085264-s-b,true,1,1,60,sec_34085264.2,ld_34085264.2,100,ft,1/0_triplex_1ph,
res_srv_10548981-s-a,true,1,1,60,sec_10548981.1,ld_10548981.1,100,ft,1/0_triplex_1ph,
com_srv_10540314-s-b,true,3,3,60,sec_10540314.1.2.3,ld_10540314.1.2.3,100,ft,1/0_triplex_3ph,
res_srv_34086415-s-c,true,1,1,60,sec_34086415.3,ld_34086415.3,100,ft,1/0_triplex_1ph,
res_srv_34085047-s-c,true,1,1,60,sec_34085047.3,ld_34085047.3,100,ft,1/0_triplex_1ph,
res_srv_20344372-s-b,true,1,1,60,sec_20344372.2,ld_20344372.2,100,ft,1/0_triplex_1ph,
res_srv_10573328-s-c,true,1,1,60,sec_10573328.3,ld_10573328.3,100,ft,1/0_triplex_1ph,
res_srv_10549290-s-b,true,1,1,60,sec_10549290.2,ld_10549290.2,100,ft,1/0_triplex_1ph,
res_srv_34086402-s-a,true,1,1,60,sec_34086402.1,ld_34086402.1,100,ft,1/0_triplex_1ph,
res_srv_34085041-s-a,true,1,1,60,sec_34085041.1,ld_34085041.1,100,ft,1/0_triplex_1ph,
res_srv_20344332-s-b,true,1,1,60,sec_20344332.2,ld_20344332.2,100,ft,1/0_triplex_1ph,
res_srv_10560616-s-c,true,1,1,60,sec_10560616.3,ld_10560616.3,100,ft,1/0_triplex_1ph,
res_srv_10558557-s-c,true,1,1,60,sec_10558557.3,ld_10558557.3,100,ft,1/0_triplex_1ph,
res_srv_10526702-s-b,true,1,1,60,sec_10526702.2,ld_10526702.2,100,ft,1/0_triplex_1ph,
res_srv_34097297-s-a,true,1,1,60,sec_34097297.1,ld_34097297.1,100,ft,1/0_triplex_1ph,
res_srv_34085035-s-a,true,1,1,60,sec_34085035.1,ld_34085035.1,100,ft,1/0_triplex_1ph,
res_srv_20251418-s-c,true,1,1,60,sec_20251418.3,ld_20251418.3,100,ft,1/0_triplex_1ph,
res_srv_10560281-s-b,true,1,1,60,sec_10560281.2,ld_10560281.2,100,ft,1/0_triplex_1ph,
res_srv_10558550-s-a,true,1,1,60,sec_10558550.1,ld_10558550.1,100,ft,1/0_triplex_1ph,
res_srv_34096113-s-b,true,1,1,60,sec_34096113.2,ld_34096113.2,100,ft,1/0_triplex_1ph,
res_srv_34084953-s-b,true,1,1,60,sec_34084953.2,ld_34084953.2,100,ft,1/0_triplex_1ph,
res_srv_10559592-s-b,true,1,1,60,sec_10559592.2,ld_10559592.2,100,ft,1/0_triplex_1ph,
res_srv_10558544-s-b,true,1,1,60,sec_10558544.2,ld_10558544.2,100,ft,1/0_triplex_1ph,
res_srv_10548945-s-c,true,1,1,60,sec_10548945.3,ld_10548945.3,100,ft,1/0_triplex_1ph,
res_srv_34084663-s-b,true,1,1,60,sec_34084663.2,ld_34084663.2,100,ft,1/0_triplex_1ph,
res_srv_10585091-s-c,true,1,1,60,sec_10585091.3,ld_10585091.3,100,ft,1/0_triplex_1ph,
res_srv_10559574-s-a,true,1,1,60,sec_10559574.1,ld_10559574.1,100,ft,1/0_triplex_1ph,
res_srv_10548939-s-c,true,1,1,60,sec_10548939.3,ld_10548939.3,100,ft,1/0_triplex_1ph,
res_srv_34095658-s-c,true,1,1,60,sec_34095658.3,ld_34095658.3,100,ft,1/0_triplex_1ph,
res_srv_34086299-s-a,true,1,1,60,sec_34086299.1,ld_34086299.1,100,ft,1/0_triplex_1ph,
res_srv_10559507-s-a,true,1,1,60,sec_10559507.1,ld_10559507.1,100,ft,1/0_triplex_1ph,
res_srv_34057775-s-a,true,1,1,60,sec_34057775.1,ld_34057775.1,100,ft,1/0_triplex_1ph,
res_srv_34054978-s-a,true,1,1,60,sec_34054978.1,ld_34054978.1,100,ft,1/0_triplex_1ph,
res_srv_10579843-s-c,true,1,1,60,sec_10579843.3,ld_10579843.3,100,ft,1/0_triplex_1ph,
