name,enabled,n_phases,n_conds,base_freq,terminal1,kv,kw,kvar,kva,pf,model,vmin_pu,vmax_pu,r_neut,x_neut,connection,spec_type,status,yearly,daily,duty,spectrum
res_10559391-s-a,true,1,2,60,ld_10559391.1,0.24,10.43686589850947,2.615725158375565,4.44760894736842,0.97,cvr,0.85,1.15,-1,0,wye,allocation_factor,variable,K21_A,,,defaultload
res_10558483-s-b,true,1,2,60,ld_10558483.2,0.24,10.60587806300631,2.658083599601588,4.491412631578945,0.97,cvr,0.85,1.15,-1,0,wye,allocation_factor,variable,K21_B,,,defaultload
res_34092313-s-c,true,1,2,60,ld_34092313.3,0.24,2.729497024259994,0.6840764368820476,1.15884789473684,0.97,cvr,0.85,1.15,-1,0,wye,allocation_factor,variable,K21_C,,,defaultload
res_34085491-s-b,true,1,2,60,ld_34085491.2,0.24,19.15741816467368,4.801301573685495,8.11284736842105,0.97,cvr,0.85,1.15,-1,0,wye,allocation_factor,variable,K21_B,,,defaultload
res_34054972-s-c,true,1,2,60,ld_34054972.3,0.24,7.845775908839997,1.96633679413861,3.33103894736842,0.97,cvr,0.85,1.15,-1,0,wye,allocation_factor,variable,K21_C,,,defaultload
res_10559275-s-a,true,1,2,60,ld_10559275.1,0.24,7.436778748294736,1.863832443412479,3.16913947368421,0.97,cvr,0.85,1.15,-1,0,wye,allocation_factor,variable,K21_A,,,defaultload
res_34085468-s-c,true,1,2,60,ld_34085468.3,0.24,7.14669816402,1.791131396026973,3.034235263157895,0.97,cvr,0.85,1.15,-1,0,wye,allocation_factor,variable,K21_C,,,defaultload
res_10549020-s-c,true,1,2,60,ld_10549020.3,0.24,6.839908346879995,1.714242620140607,2.903983157894735,0.97,cvr,0.85,1.15,-1,0,wye,allocation_factor,variable,K21_C,,,defaultload
res_10548907-s-b,true,1,2,60,ld_10548907.2,0.24,19.24867882374736,4.824173650823426,8.1514947368421,0.97,cvr,0.85,1.15,-1,0,wye,allocation_factor,variable,K21_B,,,defaultload
res_10555985-s-c,true,1,2,60,ld_10555985.3,0.24,13.35219191100004,3.346374729797899,5.66886842105265,0.97,cvr,0.85,1.15,-1,0,wye,allocation_factor,variable,K21_C,,,defaultload
res_10548988-s-b,true,1,2,60,ld_10548988.2,0.24,16.30847738568425,4.08728971008677,6.90636842105265,0.97,cvr,0.85,1.15,-1,0,wye,allocation_factor,variable,K21_B,,,defaultload
res_10543795-s-c,true,1,2,60,ld_10543795.3,0.24,15.37686660600006,3.853806039995556,6.52847368421055,0.97,cvr,0.85,1.15,-1,0,wye,allocation_factor,variable,K21_C,,,defaultload
res_34086801-s-c,true,1,2,60,ld_34086801.3,0.24,0.5719084633800002,0.1433337718907187,0.242812105263158,0.97,cvr,0.85,1.15,-1,0,wye,allocation_factor,variable,K21_C,,,defaultload
res_34085286-s-b,true,1,2,60,ld_34085286.2,0.24,14.79153458248426,3.707108006811876,6.26396842105265,0.97,cvr,0.85,1.15,-1,0,wye,allocation_factor,variable,K21_B,,,defaultload
res_10574854-s-c,true,1,2,60,ld_10574854.3,0.24,6.673219944299994,1.672466568548317,2.833213157894735,0.97,cvr,0.85,1.15,-1,0,wye,allocation_factor,variable,K21_C,,,defaultload
res_10548982-s-a,true,1,2,60,ld_10548982.1,0.24,30.53348104623161,7.652411683934509,13.01166315789475,0.97,cvr,0.85,1.15,-1,0,wye,allocation_factor,variable,K21_A,,,defaultload
res_34086794-s-b,true,1,2,60,ld_34086794.2,0.24,1.385415848425264,0.3472179411690756,0.5867005263157899,0.97,cvr,0.85,1.15,-1,0,wye,allocation_factor,variable,K21_B,,,defaultload
res_34085048-s-c,true,1,2,60,ld_34085048.3,0.24,10.19394236016,2.554842780753654,4.327987368421055,0.97,cvr,0.85,1.15,-1,0,wye,allocation_factor,variable,K21_C,,,defaultload
res_20350796-s-b,true,1,2,60,ld_20350796.2,0.24,25.61425582610529,6.41953763025546,10.8472105263158,0.97,cvr,0.85,1.15,-1,0,wye,allocation_factor,variable,K21_B,,,defaultload
res_10548968-s-a,true,1,2,60,ld_10548968.1,0.24,11.55033281118316,2.894786271627513,4.922106315789475,0.97,cvr,0.85,1.15,-1,0,wye,allocation_factor,variable,K21_A,,,defaultload
res_10532911-s-c,true,1,2,60,ld_10532911.3,0.24,9.831918252059998,2.464110986678298,4.174284736842104,0.97,cvr,0.85,1.15,-1,0,wye,allocation_factor,variable,K21_C,,,defaultload
res_34097398-s-c,true,1,2,60,ld_34097398.3,0.24,14.76741256020005,3.701062458160273,6.2697210526316,0.97,cvr,0.85,1.15,-1,0,wye,allocation_factor,variable,K21_C,,,defaultload
res_34085042-s-a,true,1,2,60,ld_34085042.1,0.24,15.62631742383161,3.916324308058437,6.65906315789475,0.97,cvr,0.85,1.15,-1,0,wye,allocation_factor,variable,K21_A,,,defaultload
res_20344333-s-a,true,1,2,60,ld_20344333.1,0.24,10.81166497859369,2.709658662230618,4.607327368421056,0.97,cvr,0.85,1.15,-1,0,wye,allocation_factor,variable,K21_A,,,defaultload
res_10560618-s-c,true,1,2,60,ld_10560618.3,0.24,12.26163945546004,3.073056520842889,5.205858421052651,0.97,cvr,0.85,1.15,-1,0,wye,allocation_factor,variable,K21_C,,,defaultload
res_10549285-s-b,true,1,2,60,ld_10549285.2,0.24,13.57759257844207,3.40286546200391,5.749884210526301,0.97,cvr,0.85,1.15,-1,0,wye,allocation_factor,variable,K21_B,,,defaultload
com_10526890-s-a,true,3,4,60,ld_10526890.1.2.3,0.48,1.89972283776,0.8092785400389689,0.8507400000000001,0.92,cvr,0.85,1.15,-1,0,wye,allocation_factor,variable,K21_ABC,,,defaultload
res_34097392-s-c,true,1,2,60,ld_34097392.3,0.24,4.936080667320001,1.237098426944827,2.095685263157895,0.97,cvr,0.85,1.15,-1,0,wye,allocation_factor,variable,K21_C,,,defaultload
res_34085036-s-a,true,1,2,60,ld_34085036.1,0.24,13.77422590585265,3.452146419188231,5.8698052631579,0.97,cvr,0.85,1.15,-1,0,wye,allocation_factor,variable,K21_A,,,defaultload
res_20251419-s-c,true,1,2,60,ld_20251419.3,0.24,11.50619684976,2.883724757011315,4.885124210526315,0.97,cvr,0.85,1.15,-1,0,wye,allocation_factor,variable,K21_C,,,defaultload
res_10560337-s-b,true,1,2,60,ld_10560337.2,0.24,4.82798217176,1.210006390200423,2.04457,0.97,cvr,0.85,1.15,-1,0,wye,allocation_factor,variable,K21_B,,,defaultload
res_10558551-s-a,true,1,2,60,ld_10558551.1,0.24,13.19469623242103,3.306902592012419,5.62284210526315,0.97,cvr,0.85,1.15,-1,0,wye,allocation_factor,variable,K21_A,,,defaultload
res_10524061-s-c,true,1,2,60,ld_10524061.3,0.24,0.7695933246000002,0.1928782682894876,0.3267421052631581,0.97,cvr,0.85,1.15,-1,0,wye,allocation_factor,variable,K21_C,,,defaultload
res_34096115-s-b,true,1,2,60,ld_34096115.2,0.24,0.80685583192,0.2022171329265236,0.34169,0.97,cvr,0.85,1.15,-1,0,wye,allocation_factor,variable,K21_B,,,defaultload
res_34086318-s-b,true,1,2,60,ld_34086318.2,0.24,8.721180778787367,2.185733935421497,3.693274736842105,0.97,cvr,0.85,1.15,-1,0,wye,allocation_factor,variable,K21_B,,,defaultload
res_34084954-s-b,true,1,2,60,ld_34084954.2,0.24,1.752951592197897,0.4393310813528206,0.742345789473685,0.97,cvr,0.85,1.15,-1,0,wye,allocation_factor,variable,K21_B,,,defaultload
res_10558545-s-b,true,1,2,60,ld_10558545.2,0.24,3.919307880155793,0.9822711458817555,1.65976157894737,0.97,cvr,0.85,1.15,-1,0,wye,allocation_factor,variable,K21_B,,,defaultload
res_10549263-s-a,true,1,2,60,ld_10549263.1,0.24,8.967726126416839,2.247524024011881,3.821543684210525,0.97,cvr,0.85,1.15,-1,0,wye,allocation_factor,variable,K21_A,,,defaultload
res_34095665-s-b,true,1,2,60,ld_34095665.2,0.24,9.614188015124208,2.409542645566111,4.07144842105263,0.97,cvr,0.85,1.15,-1,0,wye,allocation_factor,variable,K21_B,,,defaultload
res_34086306-s-a,true,1,2,60,ld_34086306.1,0.24,11.94230794388207,2.993024500040945,5.089144210526301,0.97,cvr,0.85,1.15,-1,0,wye,allocation_factor,variable,K21_A,,,defaultload
res_34084664-s-b,true,1,2,60,ld_34084664.2,0.24,12.68484633541058,3.179122162947415,5.371821052631601,0.97,cvr,0.85,1.15,-1,0,wye,allocation_factor,variable,K21_B,,,defaultload
res_20014991-s-c,true,1,2,60,ld_20014991.3,0.24,1.898329787459997,0.4757662915513744,0.805963684210525,0.97,cvr,0.85,1.15,-1,0,wye,allocation_factor,variable,K21_C,,,defaultload
res_10559587-s-c,true,1,2,60,ld_10559587.3,0.24,32.5513517814,8.15813776105921,13.82015263157895,0.97,cvr,0.85,1.15,-1,0,wye,allocation_factor,variable,K21_C,,,defaultload
res_10549255-s-c,true,1,2,60,ld_10549255.3,0.24,22.21909559639998,5.56863026822596,9.433442105263151,0.97,cvr,0.85,1.15,-1,0,wye,allocation_factor,variable,K21_C,,,defaultload
res_10548940-s-b,true,1,2,60,ld_10548940.2,0.24,12.3584878782569,3.097329023577153,5.233613684210551,0.97,cvr,0.85,1.15,-1,0,wye,allocation_factor,variable,K21_B,,,defaultload
res_34095659-s-c,true,1,2,60,ld_34095659.3,0.24,8.102542965659994,2.030688684533411,3.440053157894735,0.97,cvr,0.85,1.15,-1,0,wye,allocation_factor,variable,K21_C,,,defaultload
res_34086300-s-c,true,1,2,60,ld_34086300.3,0.24,9.875414202480004,2.475012099417258,4.192751578947371,0.97,cvr,0.85,1.15,-1,0,wye,allocation_factor,variable,K21_C,,,defaultload
res_10580378-s-b,true,1,2,60,ld_10580378.2,0.24,4.117303615654736,1.031893554719031,1.74360947368421,0.97,cvr,0.85,1.15,-1,0,wye,allocation_factor,variable,K21_B,,,defaultload
res_10549248-s-c,true,1,2,60,ld_10549248.3,0.24,5.842661380560005,1.46430897106599,2.480587368421055,0.97,cvr,0.85,1.15,-1,0,wye,allocation_factor,variable,K21_C,,,defaultload
com_10548933-s-a,true,3,4,60,ld_10548933.1.2.3,0.48,69.52631875200001,29.61808776286917,31.1355,0.92,cvr,0.85,1.15,-1,0,wye,allocation_factor,variable,K21_ABC,,,defaultload
res_34086016-s-b,true,1,2,60,ld_34086016.2,0.24,1.193659095747368,0.2991591688186895,0.5054947368421051,0.97,cvr,0.85,1.15,-1,0,wye,allocation_factor,variable,K21_B,,,defaultload
res_34057797-s-c,true,1,2,60,ld_34057797.3,0.24,19.00776876299994,4.763795898255696,8.07002631578945,0.97,cvr,0.85,1.15,-1,0,wye,allocation_factor,variable,K21_C,,,defaultload
res_10579978-s-c,true,1,2,60,ld_10579978.3,0.24,9.391612094280003,2.353759861590325,3.987346315789476,0.97,cvr,0.85,1.15,-1,0,wye,allocation_factor,variable,K21_C,,,defaultload
res_10549241-s-b,true,1,2,60,ld_10549241.2,0.24,30.7687990355369,7.711387931289771,13.03007368421055,0.97,cvr,0.85,1.15,-1,0,wye,allocation_factor,variable,K21_B,,,defaultload
res_10548927-s-c,true,1,2,60,ld_10548927.3,0.24,2.107025308799996,0.5280703194959416,0.8945684210526301,0.97,cvr,0.85,1.15,-1,0,wye,allocation_factor,variable,K21_C,,,defaultload
res_34095590-s-a,true,1,2,60,ld_34095590.1,0.24,3.624974595435793,0.9085042712973677,1.54476157894737,0.97,cvr,0.85,1.15,-1,0,wye,allocation_factor,variable,K21_A,,,defaultload
res_34054979-s-a,true,1,2,60,ld_34054979.1,0.24,15.56118008185264,3.899999351330917,6.631305263157899,0.97,cvr,0.85,1.15,-1,0,wye,allocation_factor,variable,K21_A,,,defaultload
res_10559392-s-a,true,1,2,60,ld_10559392.1,0.24,11.17343535521684,2.800326865203632,4.761493684210526,0.97,cvr,0.85,1.15,-1,0,wye,allocation_factor,variable,K21_A,,,defaultload
res_34095281-s-a,true,1,2,60,ld_34095281.1,0.24,13.19469623242103,3.306902592012419,5.62284210526315,0.97,cvr,0.85,1.15,-1,0,wye,allocation_factor,variable,K21_A,,,defaultload
res_10579833-s-b,true,1,2,60,ld_10579833.2,0.24,6.419422406884207,1.608858909869188,2.718518421052631,0.97,cvr,0.85,1.15,-1,0,wye,allocation_factor,variable,K21_B,,,defaultload
res_10559385-s-a,true,1,2,60,ld_10559385.1,0.24,8.765329806416839,2.196798724737677,3.735293684210525,0.97,cvr,0.85,1.15,-1,0,wye,allocation_factor,variable,K21_A,,,defaultload
com_34090007-s-a,true,3,4,60,ld_34090007.1.2.3,0.48,16.96847396970663,7.22853964164865,7.598876666666651,0.92,cvr,0.85,1.15,-1,0,wye,allocation_factor,variable,K21_ABC,,,defaultload
res_34085401-s-b,true,1,2,60,ld_34085401.2,0.24,8.287624914210529,2.077074593281548,3.50967105263158,0.97,cvr,0.85,1.15,-1,0,wye,allocation_factor,variable,K21_B,,,defaultload
res_34054927-s-a,true,1,2,60,ld_34054927.1,0.24,16.31888027014736,4.089896918694643,6.9541947368421,0.97,cvr,0.85,1.15,-1,0,wye,allocation_factor,variable,K21_A,,,defaultload
res_10556735-s-a,true,1,2,60,ld_10556735.1,0.24,4.619313288151575,1.157709038300687,1.968493157894735,0.97,cvr,0.85,1.15,-1,0,wye,allocation_factor,variable,K21_A,,,defaultload
com_10548901-s-a,true,3,4,60,ld_10548901.1.2.3,0.48,5.074442832213338,2.161703594408033,2.272453333333335,0.92,cvr,0.85,1.15,-1,0,wye,allocation_factor,variable,K21_ABC,,,defaultload
res_34087256-s-b,true,1,2,60,ld_34087256.2,0.24,6.030454141448425,1.51137427342719,2.553796842105265,0.97,cvr,0.85,1.15,-1,0,wye,allocation_factor,variable,K21_B,,,defaultload
res_20437314-s-a,true,1,2,60,ld_20437314.1,0.24,11.89111448872425,2.980194210766117,5.06732842105265,0.97,cvr,0.85,1.15,-1,0,wye,allocation_factor,variable,K21_A,,,defaultload
res_10579185-s-a,true,1,2,60,ld_10579185.1,0.24,15.2425579452631,3.8201451166596,6.495526315789451,0.97,cvr,0.85,1.15,-1,0,wye,allocation_factor,variable,K21_A,,,defaultload
res_10548989-s-b,true,1,2,60,ld_10548989.2,0.24,12.64075089507368,3.168070803872719,5.353147368421051,0.97,cvr,0.85,1.15,-1,0,wye,allocation_factor,variable,K21_B,,,defaultload
res_34086802-s-c,true,1,2,60,ld_34086802.3,0.24,6.48776308932,1.625986699392036,2.754474736842106,0.97,cvr,0.85,1.15,-1,0,wye,allocation_factor,variable,K21_C,,,defaultload
res_10549309-s-b,true,1,2,60,ld_10549309.2,0.24,17.689007688,4.433283217982932,7.491000000000001,0.97,cvr,0.85,1.15,-1,0,wye,allocation_factor,variable,K21_B,,,defaultload
res_10548983-s-a,true,1,2,60,ld_10548983.1,0.24,7.343364587115794,1.840420647771874,3.12933157894737,0.97,cvr,0.85,1.15,-1,0,wye,allocation_factor,variable,K21_A,,,defaultload
res_10541616-s-c,true,1,2,60,ld_10541616.3,0.24,4.107267544860001,1.029378278282187,1.74380052631579,0.97,cvr,0.85,1.15,-1,0,wye,allocation_factor,variable,K21_C,,,defaultload
res_40154810-s-a,true,1,2,60,ld_40154810.1,0.24,19.50873272791575,4.889349302813377,8.31353157894735,0.97,cvr,0.85,1.15,-1,0,wye,allocation_factor,variable,K21_A,,,defaultload
res_34086796-s-b,true,1,2,60,ld_34086796.2,0.24,1.684601174025264,0.4222008518243203,0.71340052631579,0.97,cvr,0.85,1.15,-1,0,wye,allocation_factor,variable,K21_B,,,defaultload
res_34085260-s-b,true,1,2,60,ld_34085260.2,0.24,10.87095280643369,2.724517592523924,4.603667368421055,0.97,cvr,0.85,1.15,-1,0,wye,allocation_factor,variable,K21_B,,,defaultload
res_10558565-s-c,true,1,2,60,ld_10558565.3,0.24,13.08231792899997,3.278737934310338,5.554289473684201,0.97,cvr,0.85,1.15,-1,0,wye,allocation_factor,variable,K21_C,,,defaultload
res_10549286-s-b,true,1,2,60,ld_10549286.2,0.24,15.08679258025264,3.781106636331938,6.3890052631579,0.97,cvr,0.85,1.15,-1,0,wye,allocation_factor,variable,K21_B,,,defaultload
res_10548961-s-b,true,1,2,60,ld_10548961.2,0.24,5.966436212143161,1.4953298679611,2.526686315789475,0.97,cvr,0.85,1.15,-1,0,wye,allocation_factor,variable,K21_B,,,defaultload
res_10528321-s-b,true,1,2,60,ld_10528321.2,0.24,11.36364602550737,2.847998152782547,4.812314736842105,0.97,cvr,0.85,1.15,-1,0,wye,allocation_factor,variable,K21_B,,,defaultload
res_34097393-s-c,true,1,2,60,ld_34097393.3,0.24,6.995638155060001,1.753272189086551,2.97010052631579,0.97,cvr,0.85,1.15,-1,0,wye,allocation_factor,variable,K21_C,,,defaultload
res_34086383-s-c,true,1,2,60,ld_34086383.3,0.24,10.25698898844,2.570643755236452,4.354754736842106,0.97,cvr,0.85,1.15,-1,0,wye,allocation_factor,variable,K21_C,,,defaultload
res_10560338-s-b,true,1,2,60,ld_10560338.2,0.24,17.08228525103161,4.281224241853346,7.23406315789475,0.97,cvr,0.85,1.15,-1,0,wye,allocation_factor,variable,K21_B,,,defaultload
res_10549276-s-a,true,1,2,60,ld_10549276.1,0.24,16.51089586661057,4.138020563412648,7.036021052631601,0.97,cvr,0.85,1.15,-1,0,wye,allocation_factor,variable,K21_A,,,defaultload
res_10548953-s-a,true,1,2,60,ld_10548953.1,0.24,15.30818931334736,3.836593888000152,6.523494736842101,0.97,cvr,0.85,1.15,-1,0,wye,allocation_factor,variable,K21_A,,,defaultload
res_34096116-s-b,true,1,2,60,ld_34096116.2,0.24,3.893862275717897,0.9758938762736651,1.648985789473685,0.97,cvr,0.85,1.15,-1,0,wye,allocation_factor,variable,K21_B,,,defaultload
res_10559735-s-c,true,1,2,60,ld_10559735.3,0.24,0.2873903777999995,0.07202681808854854,0.122015789473684,0.97,cvr,0.85,1.15,-1,0,wye,allocation_factor,variable,K21_C,,,defaultload
res_10548947-s-a,true,1,2,60,ld_10548947.1,0.24,10.63749854531369,2.666008439481268,4.533107368421056,0.97,cvr,0.85,1.15,-1,0,wye,allocation_factor,variable,K21_A,,,defaultload
res_34086307-s-a,true,1,2,60,ld_34086307.1,0.24,6.461122887814735,1.619310035537279,2.75336947368421,0.97,cvr,0.85,1.15,-1,0,wye,allocation_factor,variable,K21_A,,,defaultload
res_34084665-s-b,true,1,2,60,ld_34084665.2,0.24,23.2369796627369,5.823736062102966,9.840473684210552,0.97,cvr,0.85,1.15,-1,0,wye,allocation_factor,variable,K21_B,,,defaultload
res_20014992-s-a,true,1,2,60,ld_20014992.1,0.24,8.831148904421058,2.21329454563117,3.763342105263161,0.97,cvr,0.85,1.15,-1,0,wye,allocation_factor,variable,K21_A,,,defaultload
res_10559588-s-c,true,1,2,60,ld_10559588.3,0.24,17.6504402358,4.423617303330491,7.493752631578951,0.97,cvr,0.85,1.15,-1,0,wye,allocation_factor,variable,K21_C,,,defaultload
res_10549258-s-c,true,1,2,60,ld_10549258.3,0.24,17.1739521216,4.304198125188337,7.29145263157895,0.97,cvr,0.85,1.15,-1,0,wye,allocation_factor,variable,K21_C,,,defaultload
res_10548941-s-c,true,1,2,60,ld_10548941.3,0.24,9.477708960600001,2.375337770272919,4.023900000000001,0.97,cvr,0.85,1.15,-1,0,wye,allocation_factor,variable,K21_C,,,defaultload
res_34095660-s-c,true,1,2,60,ld_34095660.3,0.24,17.49047450939997,4.383526113207778,7.425836842105251,0.97,cvr,0.85,1.15,-1,0,wye,allocation_factor,variable,K21_C,,,defaultload
res_34086301-s-c,true,1,2,60,ld_34086301.3,0.24,22.75588077299998,5.703161314684669,9.661342105263151,0.97,cvr,0.85,1.15,-1,0,wye,allocation_factor,variable,K21_C,,,defaultload
res_34084602-s-c,true,1,2,60,ld_34084602.3,0.24,34.49635352819995,8.645601148216041,14.64593157894735,0.97,cvr,0.85,1.15,-1,0,wye,allocation_factor,variable,K21_C,,,defaultload
res_34095650-s-b,true,1,2,60,ld_34095650.2,0.24,17.62027945094735,4.416058298117374,7.4618947368421,0.97,cvr,0.85,1.15,-1,0,wye,allocation_factor,variable,K21_B,,,defaultload
res_34057798-s-b,true,1,2,60,ld_34057798.2,0.24,23.42734320829471,5.871445663835441,9.9210894736842,0.97,cvr,0.85,1.15,-1,0,wye,allocation_factor,variable,K21_B,,,defaultload
com_10580150-s-a,true,3,4,60,ld_10580150.1.2.3,0.48,444.2195581973326,189.2367393648767,198.931833333333,0.92,cvr,0.85,1.15,-1,0,wye,allocation_factor,variable,K21_ABC,,,defaultload
res_10559407-s-a,true,1,2,60,ld_10559407.1,0.24,3.791043940850529,0.9501251725392168,1.61553105263158,0.97,cvr,0.85,1.15,-1,0,wye,allocation_factor,variable,K21_A,,,defaultload
res_34095591-s-c,true,1,2,60,ld_34095591.3,0.24,1.28265512778,0.3214636769197852,0.5445700000000001,0.97,cvr,0.85,1.15,-1,0,wye,allocation_factor,variable,K21_C,,,defaultload
res_34054980-s-a,true,1,2,60,ld_34054980.1,0.24,11.05896703649684,2.771638400292377,4.712713684210525,0.97,cvr,0.85,1.15,-1,0,wye,allocation_factor,variable,K21_A,,,defaultload
res_10579845-s-c,true,1,2,60,ld_10579845.3,0.24,3.833213429340004,0.960693842581581,1.627446842105265,0.97,cvr,0.85,1.15,-1,0,wye,allocation_factor,variable,K21_C,,,defaultload
res_10559393-s-a,true,1,2,60,ld_10559393.1,0.24,10.7458112987621,2.693154174314214,4.579264210526315,0.97,cvr,0.85,1.15,-1,0,wye,allocation_factor,variable,K21_A,,,defaultload
res_34085493-s-a,true,1,2,60,ld_34085493.1,0.24,12.1572809334569,3.046901809826289,5.180753684210551,0.97,cvr,0.85,1.15,-1,0,wye,allocation_factor,variable,K21_A,,,defaultload
res_34054974-s-b,true,1,2,60,ld_34054974.2,0.24,10.04115317733053,2.516550201990925,4.25226105263158,0.97,cvr,0.85,1.15,-1,0,wye,allocation_factor,variable,K21_B,,,defaultload
res_10559386-s-a,true,1,2,60,ld_10559386.1,0.24,21.59961176387368,5.413372984889842,9.20454736842105,0.97,cvr,0.85,1.15,-1,0,wye,allocation_factor,variable,K21_A,,,defaultload
res_10558477-s-c,true,1,2,60,ld_10558477.3,0.24,4.839568177679999,1.212910116995873,2.05470947368421,0.97,cvr,0.85,1.15,-1,0,wye,allocation_factor,variable,K21_C,,,defaultload
res_10549223-s-b,true,1,2,60,ld_10549223.2,0.24,22.6563192715369,5.678208850341919,9.594573684210552,0.97,cvr,0.85,1.15,-1,0,wye,allocation_factor,variable,K21_B,,,defaultload
res_10559057-s-a,true,1,2,60,ld_10559057.1,0.24,17.70778526248425,4.437989321756744,7.54606842105265,0.97,cvr,0.85,1.15,-1,0,wye,allocation_factor,variable,K21_A,,,defaultload
res_10558215-s-c,true,1,2,60,ld_10558215.3,0.24,7.940616097139999,1.990105985864722,3.371304736842105,0.97,cvr,0.85,1.15,-1,0,wye,allocation_factor,variable,K21_C,,,defaultload
res_34085402-s-b,true,1,2,60,ld_34085402.2,0.24,4.140732114690528,1.037765290060543,1.75353105263158,0.97,cvr,0.85,1.15,-1,0,wye,allocation_factor,variable,K21_B,,,defaultload
res_34054962-s-a,true,1,2,60,ld_34054962.1,0.24,18.8392285500631,4.721555739240158,8.02822631578945,0.97,cvr,0.85,1.15,-1,0,wye,allocation_factor,variable,K21_A,,,defaultload
res_10556736-s-a,true,1,2,60,ld_10556736.1,0.24,9.203855783949471,2.306703694600053,3.92216894736842,0.97,cvr,0.85,1.15,-1,0,wye,allocation_factor,variable,K21_A,,,defaultload
res_10549013-s-b,true,1,2,60,ld_10549013.2,0.24,9.872689455734736,2.474329213512514,4.180919473684211,0.97,cvr,0.85,1.15,-1,0,wye,allocation_factor,variable,K21_B,,,defaultload
res_20456673-s-c,true,1,2,60,ld_20456673.3,0.24,15.23621478240002,3.81855537019299,6.468757894736851,0.97,cvr,0.85,1.15,-1,0,wye,allocation_factor,variable,K21_C,,,defaultload
res_10579196-s-a,true,1,2,60,ld_10579196.1,0.24,2.061546235957897,0.5166721894280193,0.8785157894736851,0.97,cvr,0.85,1.15,-1,0,wye,allocation_factor,variable,K21_A,,,defaultload
res_10558579-s-c,true,1,2,60,ld_10558579.3,0.24,7.881162003540005,1.975205385444041,3.34606263157895,0.97,cvr,0.85,1.15,-1,0,wye,allocation_factor,variable,K21_C,,,defaultload
res_10548992-s-b,true,1,2,60,ld_10548992.2,0.24,22.73521381924207,5.697981687829516,9.627984210526302,0.97,cvr,0.85,1.15,-1,0,wye,allocation_factor,variable,K21_B,,,defaultload
res_10545431-s-a,true,1,2,60,ld_10545431.1,0.24,11.74050569027368,2.942448087838913,5.00314736842105,0.97,cvr,0.85,1.15,-1,0,wye,allocation_factor,variable,K21_A,,,defaultload
res_34086805-s-c,true,1,2,60,ld_34086805.3,0.24,5.555269763100002,1.392281842289358,2.35857105263158,0.97,cvr,0.85,1.15,-1,0,wye,allocation_factor,variable,K21_C,,,defaultload
res_34085312-s-a,true,1,2,60,ld_34085312.1,0.24,19.07976986071574,4.781841074322657,8.13073157894735,0.97,cvr,0.85,1.15,-1,0,wye,allocation_factor,variable,K21_A,,,defaultload
res_20409718-s-c,true,1,2,60,ld_20409718.3,0.24,1.04960524608,0.2630558709129839,0.4456252631578946,0.97,cvr,0.85,1.15,-1,0,wye,allocation_factor,variable,K21_C,,,defaultload
res_10549310-s-b,true,1,2,60,ld_10549310.2,0.24,14.66670521305264,3.675822817819168,6.2111052631579,0.97,cvr,0.85,1.15,-1,0,wye,allocation_factor,variable,K21_B,,,defaultload
res_34086797-s-b,true,1,2,60,ld_34086797.2,0.24,8.586120471789473,2.151884631775393,3.63607894736842,0.97,cvr,0.85,1.15,-1,0,wye,allocation_factor,variable,K21_B,,,defaultload
res_10573495-s-c,true,1,2,60,ld_10573495.3,0.24,13.03864470719999,3.267792393175634,5.53574736842105,0.97,cvr,0.85,1.15,-1,0,wye,allocation_factor,variable,K21_C,,,defaultload
res_10549293-s-a,true,1,2,60,ld_10549293.1,0.24,8.793068137162102,2.20375060572257,3.747114210526315,0.97,cvr,0.85,1.15,-1,0,wye,allocation_factor,variable,K21_A,,,defaultload
res_10548977-s-a,true,1,2,60,ld_10548977.1,0.24,5.65705958460631,1.417792776277562,2.410722631578945,0.97,cvr,0.85,1.15,-1,0,wye,allocation_factor,variable,K21_A,,,defaultload
res_34085044-s-b,true,1,2,60,ld_34085044.2,0.24,4.200860000922103,1.052834758832613,1.778994210526315,0.97,cvr,0.85,1.15,-1,0,wye,allocation_factor,variable,K21_B,,,defaultload
res_10571603-s-a,true,1,2,60,ld_10571603.1,0.24,20.651464512,5.175744884204478,8.8005,0.97,cvr,0.85,1.15,-1,0,wye,allocation_factor,variable,K21_A,,,defaultload
res_10549287-s-b,true,1,2,60,ld_10549287.2,0.24,11.30075285306527,2.832235637958019,4.785680526315791,0.97,cvr,0.85,1.15,-1,0,wye,allocation_factor,variable,K21_B,,,defaultload
res_10548962-s-b,true,1,2,60,ld_10548962.2,0.24,31.21085955338943,7.822178740457542,13.2172789473684,0.97,cvr,0.85,1.15,-1,0,wye,allocation_factor,variable,K21_B,,,defaultload
res_10529606-s-a,true,1,2,60,ld_10529606.1,0.24,10.88011476560843,2.726813795938475,4.636496842105266,0.97,cvr,0.85,1.15,-1,0,wye,allocation_factor,variable,K21_A,,,defaultload
res_34097394-s-a,true,1,2,60,ld_34097394.1,0.24,29.18704994829471,7.314964242227343,12.4378894736842,0.97,cvr,0.85,1.15,-1,0,wye,allocation_factor,variable,K21_A,,,defaultload
res_34086384-s-c,true,1,2,60,ld_34086384.3,0.24,4.589635366440004,1.150271049998054,1.948596842105265,0.97,cvr,0.85,1.15,-1,0,wye,allocation_factor,variable,K21_C,,,defaultload
res_10560401-s-b,true,1,2,60,ld_10560401.2,0.24,10.67430677917053,2.675233452456519,4.52039105263158,0.97,cvr,0.85,1.15,-1,0,wye,allocation_factor,variable,K21_B,,,defaultload
res_10558553-s-a,true,1,2,60,ld_10558553.1,0.24,13.97470169936839,3.502390389154284,5.95523684210525,0.97,cvr,0.85,1.15,-1,0,wye,allocation_factor,variable,K21_A,,,defaultload
res_10549278-s-a,true,1,2,60,ld_10549278.1,0.24,5.637756749608425,1.412955029810095,2.402496842105265,0.97,cvr,0.85,1.15,-1,0,wye,allocation_factor,variable,K21_A,,,defaultload
res_10548954-s-c,true,1,2,60,ld_10548954.3,0.24,2.304097777979996,0.5774613359821206,0.9782384210526301,0.97,cvr,0.85,1.15,-1,0,wye,allocation_factor,variable,K21_C,,,defaultload
res_34084956-s-b,true,1,2,60,ld_34084956.2,0.24,8.197153449178943,2.054400306814764,3.47135789473684,0.97,cvr,0.85,1.15,-1,0,wye,allocation_factor,variable,K21_B,,,defaultload
res_10559783-s-b,true,1,2,60,ld_10559783.2,0.24,9.484978929465266,2.377159796218869,4.01673052631579,0.97,cvr,0.85,1.15,-1,0,wye,allocation_factor,variable,K21_B,,,defaultload
res_10558547-s-c,true,1,2,60,ld_10558547.3,0.24,26.50867869779999,6.643701132064225,11.25464736842105,0.97,cvr,0.85,1.15,-1,0,wye,allocation_factor,variable,K21_C,,,defaultload
res_10548948-s-b,true,1,2,60,ld_10548948.2,0.24,0.00576173792,0.001444027640085216,0.00244,0.97,cvr,0.85,1.15,-1,0,wye,allocation_factor,variable,K21_B,,,defaultload
res_10522508-s-b,true,1,2,60,ld_10522508.2,0.24,8.000508664741057,2.005116478228735,3.38808210526316,0.97,cvr,0.85,1.15,-1,0,wye,allocation_factor,variable,K21_B,,,defaultload
res_34095667-s-c,true,1,2,60,ld_34095667.3,0.24,10.48128439122001,2.626857482006998,4.44998263157895,0.97,cvr,0.85,1.15,-1,0,wye,allocation_factor,variable,K21_C,,,defaultload
res_34084666-s-b,true,1,2,60,ld_34084666.2,0.24,8.01617447718316,2.009042700921416,3.394716315789475,0.97,cvr,0.85,1.15,-1,0,wye,allocation_factor,variable,K21_B,,,defaultload
res_10559589-s-c,true,1,2,60,ld_10559589.3,0.24,14.06142619019996,3.524125595366702,5.9699842105263,0.97,cvr,0.85,1.15,-1,0,wye,allocation_factor,variable,K21_C,,,defaultload
res_10549259-s-c,true,1,2,60,ld_10549259.3,0.24,11.0013316785,2.7571936179803,4.670776315789475,0.97,cvr,0.85,1.15,-1,0,wye,allocation_factor,variable,K21_C,,,defaultload
res_34084616-s-a,true,1,2,60,ld_34084616.1,0.24,16.14083326181057,4.045274132159987,6.8783210526316,0.97,cvr,0.85,1.15,-1,0,wye,allocation_factor,variable,K21_A,,,defaultload
res_10559558-s-a,true,1,2,60,ld_10559558.1,0.24,45.46943403991575,11.39571435638467,19.37653157894735,0.97,cvr,0.85,1.15,-1,0,wye,allocation_factor,variable,K21_A,,,defaultload
res_10549250-s-a,true,1,2,60,ld_10549250.1,0.24,14.62393845625264,3.665104458228108,6.231905263157901,0.97,cvr,0.85,1.15,-1,0,wye,allocation_factor,variable,K21_A,,,defaultload
com_34095651-s-a,true,1,2,60,ld_34095651.1,0.24,0.4105373260799997,0.1748881685674073,0.184456111111111,0.92,cvr,0.85,1.15,-1,0,wye,allocation_factor,variable,K21_A,,,defaultload
res_10559451-s-a,true,1,2,60,ld_10559451.1,0.24,7.761131587705266,1.945122927594885,3.307360526315791,0.97,cvr,0.85,1.15,-1,0,wye,allocation_factor,variable,K21_A,,,defaultload
res_34054992-s-a,true,1,2,60,ld_34054992.1,0.24,18.43054545448426,4.619130100614194,7.854068421052651,0.97,cvr,0.85,1.15,-1,0,wye,allocation_factor,variable,K21_A,,,defaultload
res_10579847-s-b,true,1,2,60,ld_10579847.2,0.24,8.225622847482102,2.061535410600664,3.483414210526315,0.97,cvr,0.85,1.15,-1,0,wye,allocation_factor,variable,K21_B,,,defaultload
res_10559394-s-a,true,1,2,60,ld_10559394.1,0.24,16.51867677776839,4.139970643567793,7.03933684210525,0.97,cvr,0.85,1.15,-1,0,wye,allocation_factor,variable,K21_A,,,defaultload
res_34095580-s-b,true,1,2,60,ld_34095580.2,0.24,17.66954504437897,4.428405419699129,7.482757894736851,0.97,cvr,0.85,1.15,-1,0,wye,allocation_factor,variable,K21_B,,,defaultload
res_34085951-s-c,true,1,2,60,ld_34085951.3,0.24,12.24887715576,3.069857987036979,5.20044,0.97,cvr,0.85,1.15,-1,0,wye,allocation_factor,variable,K21_C,,,defaultload
res_34054975-s-b,true,1,2,60,ld_34054975.2,0.24,1.28593017176,0.3222844803119698,0.5445700000000001,0.97,cvr,0.85,1.15,-1,0,wye,allocation_factor,variable,K21_B,,,defaultload
res_10579840-s-c,true,1,2,60,ld_10579840.3,0.24,12.6170487378,3.162130483311795,5.35675263157895,0.97,cvr,0.85,1.15,-1,0,wye,allocation_factor,variable,K21_C,,,defaultload
res_10559387-s-a,true,1,2,60,ld_10559387.1,0.24,7.662528917355792,1.92041076898097,3.26534157894737,0.97,cvr,0.85,1.15,-1,0,wye,allocation_factor,variable,K21_A,,,defaultload
res_34092154-s-a,true,1,2,60,ld_34092154.1,0.24,11.24688098122106,2.818734074185718,4.79279210526316,0.97,cvr,0.85,1.15,-1,0,wye,allocation_factor,variable,K21_A,,,defaultload
res_10559090-s-a,true,1,2,60,ld_10559090.1,0.24,18.18766987048425,4.558259741485147,7.75056842105265,0.97,cvr,0.85,1.15,-1,0,wye,allocation_factor,variable,K21_A,,,defaultload
res_10548910-s-b,true,1,2,60,ld_10548910.2,0.24,18.17034148416839,4.553916838502469,7.69483684210525,0.97,cvr,0.85,1.15,-1,0,wye,allocation_factor,variable,K21_B,,,defaultload
res_34085442-s-a,true,1,2,60,ld_34085442.1,0.24,18.11134283722103,4.539130383772571,7.718042105263151,0.97,cvr,0.85,1.15,-1,0,wye,allocation_factor,variable,K21_A,,,defaultload
res_10579829-s-c,true,1,2,60,ld_10579829.3,0.24,10.65493472436,2.670378357868729,4.52370842105263,0.97,cvr,0.85,1.15,-1,0,wye,allocation_factor,variable,K21_C,,,defaultload
res_10558586-s-a,true,1,2,60,ld_10558586.1,0.24,21.00117324126322,5.263390153400472,8.9495263157895,0.97,cvr,0.85,1.15,-1,0,wye,allocation_factor,variable,K21_A,,,defaultload
res_10549015-s-b,true,1,2,60,ld_10549015.2,0.24,7.906147156635793,1.981467255067934,3.34812157894737,0.97,cvr,0.85,1.15,-1,0,wye,allocation_factor,variable,K21_B,,,defaultload
res_34085352-s-b,true,1,2,60,ld_34085352.2,0.24,7.09183437313684,1.777381233910065,3.003273684210526,0.97,cvr,0.85,1.15,-1,0,wye,allocation_factor,variable,K21_B,,,defaultload
res_20456674-s-c,true,1,2,60,ld_20456674.3,0.24,10.5455458863,2.642962930810319,4.477265789473685,0.97,cvr,0.85,1.15,-1,0,wye,allocation_factor,variable,K21_C,,,defaultload
res_10579231-s-a,true,1,2,60,ld_10579231.1,0.24,10.2161078632421,2.560397979471707,4.353534210526315,0.97,cvr,0.85,1.15,-1,0,wye,allocation_factor,variable,K21_A,,,defaultload
res_10558580-s-c,true,1,2,60,ld_10558580.3,0.24,4.550029469100004,1.140344876460932,1.93178157894737,0.97,cvr,0.85,1.15,-1,0,wye,allocation_factor,variable,K21_C,,,defaultload
res_10552942-s-a,true,1,2,60,ld_10552942.1,0.24,3.381060321549471,0.847373591944433,1.44081894736842,0.97,cvr,0.85,1.15,-1,0,wye,allocation_factor,variable,K21_A,,,defaultload
res_10545502-s-a,true,1,2,60,ld_10545502.1,0.24,35.05353584437896,8.785244199722484,14.93785789473685,0.97,cvr,0.85,1.15,-1,0,wye,allocation_factor,variable,K21_A,,,defaultload
res_34086806-s-c,true,1,2,60,ld_34086806.3,0.24,1.786152954060006,0.4476521269961733,0.7583373684210551,0.97,cvr,0.85,1.15,-1,0,wye,allocation_factor,variable,K21_C,,,defaultload
res_10558573-s-c,true,1,2,60,ld_10558573.3,0.24,29.46449920859996,7.384499581419234,12.5095842105263,0.97,cvr,0.85,1.15,-1,0,wye,allocation_factor,variable,K21_C,,,defaultload
res_10548985-s-a,true,1,2,60,ld_10548985.1,0.24,14.39273423898942,3.607159219331793,6.1333789473684,0.97,cvr,0.85,1.15,-1,0,wye,allocation_factor,variable,K21_A,,,defaultload
res_40156536-s-a,true,1,2,60,ld_40156536.1,0.24,1.27790103168,0.3202721881246785,0.5445700000000001,0.97,cvr,0.85,1.15,-1,0,wye,allocation_factor,variable,K21_A,,,defaultload
res_34085262-s-b,true,1,2,60,ld_34085262.2,0.24,11.7754338056,2.951201898693831,4.9867,0.97,cvr,0.85,1.15,-1,0,wye,allocation_factor,variable,K21_B,,,defaultload
res_10549294-s-c,true,1,2,60,ld_10549294.3,0.24,37.24931607659998,9.335558599805418,15.81474210526315,0.97,cvr,0.85,1.15,-1,0,wye,allocation_factor,variable,K21_C,,,defaultload
com_10548979-s-a,true,1,2,60,ld_10548979.1,0.24,7.503322928640003,3.196402182694525,3.37127388888889,0.92,cvr,0.85,1.15,-1,0,wye,allocation_factor,variable,K21_A,,,defaultload
com_10540312-s-a,true,3,4,60,ld_10540312.1.2.3,0.48,443.7751864213349,189.0474377810004,198.732833333334,0.92,cvr,0.85,1.15,-1,0,wye,allocation_factor,variable,K21_ABC,,,defaultload
res_34086410-s-b,true,1,2,60,ld_34086410.2,0.24,3.342247953743161,0.8376462956550755,1.415386315789475,0.97,cvr,0.85,1.15,-1,0,wye,allocation_factor,variable,K21_B,,,defaultload
res_34085045-s-b,true,1,2,60,ld_34085045.2,0.24,0.00288086896,0.0007220138200426082,0.00122,0.97,cvr,0.85,1.15,-1,0,wye,allocation_factor,variable,K21_B,,,defaultload
res_10529607-s-a,true,1,2,60,ld_10529607.1,0.24,6.499265408336838,1.628869452272505,2.769623684210525,0.97,cvr,0.85,1.15,-1,0,wye,allocation_factor,variable,K21_A,,,defaultload
res_34097395-s-a,true,1,2,60,ld_34097395.1,0.24,14.96180290964207,3.749781272076769,6.3758842105263,0.97,cvr,0.85,1.15,-1,0,wye,allocation_factor,variable,K21_A,,,defaultload
res_34086400-s-c,true,1,2,60,ld_34086400.3,0.24,17.50383804420002,4.386875330733542,7.431510526315801,0.97,cvr,0.85,1.15,-1,0,wye,allocation_factor,variable,K21_C,,,defaultload
res_10560402-s-b,true,1,2,60,ld_10560402.2,0.24,16.56241144345264,4.150931583991468,7.013905263157901,0.97,cvr,0.85,1.15,-1,0,wye,allocation_factor,variable,K21_B,,,defaultload
res_34096668-s-a,true,1,2,60,ld_34096668.1,0.24,5.053652394442103,1.266564679317666,2.153584210526315,0.97,cvr,0.85,1.15,-1,0,wye,allocation_factor,variable,K21_A,,,defaultload
res_34084957-s-a,true,1,2,60,ld_34084957.1,0.24,1.514663042627368,0.3796103414175235,0.6454647368421051,0.97,cvr,0.85,1.15,-1,0,wye,allocation_factor,variable,K21_A,,,defaultload
com_20114730-s-c,true,3,4,60,ld_20114730.1.2.3,0.48,57.58473909013349,24.53099612906565,25.7877833333334,0.92,cvr,0.85,1.15,-1,0,wye,allocation_factor,variable,K21_ABC,,,defaultload
res_10559784-s-b,true,1,2,60,ld_10559784.2,0.24,24.61738568252632,6.169698421861937,10.42505263157895,0.97,cvr,0.85,1.15,-1,0,wye,allocation_factor,variable,K21_B,,,defaultload
res_10549266-s-b,true,1,2,60,ld_10549266.2,0.24,6.415551006189471,1.607888645395748,2.71687894736842,0.97,cvr,0.85,1.15,-1,0,wye,allocation_factor,variable,K21_B,,,defaultload
res_34095668-s-b,true,1,2,60,ld_34095668.2,0.24,0.01044346068631579,0.002617377967997428,0.00442263157894737,0.97,cvr,0.85,1.15,-1,0,wye,allocation_factor,variable,K21_B,,,defaultload
res_34086309-s-a,true,1,2,60,ld_34086309.1,0.24,11.81684877938529,2.961581469526404,5.035680526315801,0.97,cvr,0.85,1.15,-1,0,wye,allocation_factor,variable,K21_A,,,defaultload
res_34086303-s-c,true,1,2,60,ld_34086303.3,0.24,8.352572470380004,2.093351985201643,3.546206842105265,0.97,cvr,0.85,1.15,-1,0,wye,allocation_factor,variable,K21_C,,,defaultload
res_34084661-s-b,true,1,2,60,ld_34084661.2,0.24,19.83807627654736,4.971890576628865,8.401094736842101,0.97,cvr,0.85,1.15,-1,0,wye,allocation_factor,variable,K21_B,,,defaultload
res_34095654-s-b,true,1,2,60,ld_34095654.2,0.24,19.18555572863161,4.808353511945109,8.124763157894749,0.97,cvr,0.85,1.15,-1,0,wye,allocation_factor,variable,K21_B,,,defaultload
res_34086019-s-a,true,1,2,60,ld_34086019.1,0.24,2.539248483637897,0.6363956581033793,1.082085789473685,0.97,cvr,0.85,1.15,-1,0,wye,allocation_factor,variable,K21_A,,,defaultload
com_34084591-s-b,true,1,2,60,ld_34084591.2,0.24,15.52250258844449,6.612558412646976,6.930777777777801,0.92,cvr,0.85,1.15,-1,0,wye,allocation_factor,variable,K21_B,,,defaultload
res_10559487-s-a,true,1,2,60,ld_10559487.1,0.24,22.58045119326322,5.659194517592237,9.6225263157895,0.97,cvr,0.85,1.15,-1,0,wye,allocation_factor,variable,K21_A,,,defaultload
res_10549245-s-b,true,1,2,60,ld_10549245.2,0.24,8.977071043520001,2.249866081005558,3.80164,0.97,cvr,0.85,1.15,-1,0,wye,allocation_factor,variable,K21_B,,,defaultload
res_34095643-s-a,true,1,2,60,ld_34095643.1,0.24,7.172105497465265,1.797499074020183,3.056350526315791,0.97,cvr,0.85,1.15,-1,0,wye,allocation_factor,variable,K21_A,,,defaultload
res_34055522-s-a,true,1,2,60,ld_34055522.1,0.24,23.0558154624,5.778332033611434,9.825100000000003,0.97,cvr,0.85,1.15,-1,0,wye,allocation_factor,variable,K21_A,,,defaultload
res_10559396-s-a,true,1,2,60,ld_10559396.1,0.24,12.89755188075793,3.23243119764245,5.4962157894737,0.97,cvr,0.85,1.15,-1,0,wye,allocation_factor,variable,K21_A,,,defaultload
com_10558507-s-a,true,3,4,60,ld_10558507.1.2.3,0.48,49.01346255146662,20.87964761358346,21.94936666666665,0.92,cvr,0.85,1.15,-1,0,wye,allocation_factor,variable,K21_ABC,,,defaultload
res_10549232-s-b,true,1,2,60,ld_10549232.2,0.24,0.01114068565894737,0.002792119017628102,0.004717894736842105,0.97,cvr,0.85,1.15,-1,0,wye,allocation_factor,variable,K21_B,,,defaultload
res_34095581-s-b,true,1,2,60,ld_34095581.2,0.24,7.891362507305265,1.977761872667922,3.34186052631579,0.97,cvr,0.85,1.15,-1,0,wye,allocation_factor,variable,K21_B,,,defaultload
res_34085952-s-c,true,1,2,60,ld_34085952.3,0.24,13.65868544939999,3.423189251232611,5.7989947368421,0.97,cvr,0.85,1.15,-1,0,wye,allocation_factor,variable,K21_C,,,defaultload
res_34054976-s-a,true,1,2,60,ld_34054976.1,0.24,30.89743007797897,7.743625909350967,13.16675789473685,0.97,cvr,0.85,1.15,-1,0,wye,allocation_factor,variable,K21_A,,,defaultload
res_10559389-s-a,true,1,2,60,ld_10559389.1,0.24,6.528230158888425,1.636128703034238,2.781966842105265,0.97,cvr,0.85,1.15,-1,0,wye,allocation_factor,variable,K21_A,,,defaultload
res_10558481-s-a,true,1,2,60,ld_10558481.1,0.24,2.98351504451369,0.7477393537691216,1.271407368421055,0.97,cvr,0.85,1.15,-1,0,wye,allocation_factor,variable,K21_A,,,defaultload
res_34092234-s-c,true,1,2,60,ld_34092234.3,0.24,6.229920007619997,1.561365131741913,2.645003684210525,0.97,cvr,0.85,1.15,-1,0,wye,allocation_factor,variable,K21_C,,,defaultload
res_34085489-s-c,true,1,2,60,ld_34085489.3,0.24,6.554555970119995,1.642726573259139,2.782832631578945,0.97,cvr,0.85,1.15,-1,0,wye,allocation_factor,variable,K21_C,,,defaultload
res_10579830-s-c,true,1,2,60,ld_10579830.3,0.24,3.348105959160005,0.8391144502041272,1.421487368421055,0.97,cvr,0.85,1.15,-1,0,wye,allocation_factor,variable,K21_C,,,defaultload
res_10558471-s-c,true,1,2,60,ld_10558471.3,0.24,11.11341429773999,2.785284170241257,4.718362631578945,0.97,cvr,0.85,1.15,-1,0,wye,allocation_factor,variable,K21_C,,,defaultload
res_10548911-s-a,true,1,2,60,ld_10548911.1,0.24,22.3399222332631,5.598912277875035,9.520026315789451,0.97,cvr,0.85,1.15,-1,0,wye,allocation_factor,variable,K21_A,,,defaultload
res_34090086-s-c,true,1,2,60,ld_34090086.3,0.24,21.51120014999999,5.391214945785878,9.132894736842102,0.97,cvr,0.85,1.15,-1,0,wye,allocation_factor,variable,K21_C,,,defaultload
res_34090003-s-c,true,1,2,60,ld_34090003.3,0.24,15.10269100380004,3.785091156862894,6.412068421052651,0.97,cvr,0.85,1.15,-1,0,wye,allocation_factor,variable,K21_C,,,defaultload
res_20494025-s-c,true,1,2,60,ld_20494025.3,0.24,6.456510021060001,1.618153942152548,2.741205789473685,0.97,cvr,0.85,1.15,-1,0,wye,allocation_factor,variable,K21_C,,,defaultload
res_10579234-s-a,true,1,2,60,ld_10579234.1,0.24,10.86714164008421,2.723562424200402,4.63096842105263,0.97,cvr,0.85,1.15,-1,0,wye,allocation_factor,variable,K21_A,,,defaultload
res_10558581-s-c,true,1,2,60,ld_10558581.3,0.24,8.344758893399998,2.091393718219749,3.54288947368421,0.97,cvr,0.85,1.15,-1,0,wye,allocation_factor,variable,K21_C,,,defaultload
res_10548994-s-c,true,1,2,60,ld_10548994.3,0.24,7.461839570579994,1.870113277522889,3.168033157894735,0.97,cvr,0.85,1.15,-1,0,wye,allocation_factor,variable,K21_C,,,defaultload
res_10545682-s-a,true,1,2,60,ld_10545682.1,0.24,2.00714408124631,0.5030377242415635,0.855332631578945,0.97,cvr,0.85,1.15,-1,0,wye,allocation_factor,variable,K21_A,,,defaultload
res_34085321-s-a,true,1,2,60,ld_34085321.1,0.24,4.750146221608425,1.190498862268439,2.024246842105265,0.97,cvr,0.85,1.15,-1,0,wye,allocation_factor,variable,K21_A,,,defaultload
res_10558575-s-c,true,1,2,60,ld_10558575.3,0.24,5.190282867600001,1.300807503697627,2.20361052631579,0.97,cvr,0.85,1.15,-1,0,wye,allocation_factor,variable,K21_C,,,defaultload
res_10549312-s-b,true,1,2,60,ld_10549312.2,0.24,18.03638977730529,4.520345376240105,7.6381105263158,0.97,cvr,0.85,1.15,-1,0,wye,allocation_factor,variable,K21_B,,,defaultload
res_10548986-s-a,true,1,2,60,ld_10548986.1,0.24,2.42117006915369,0.6068024179074363,1.031767368421055,0.97,cvr,0.85,1.15,-1,0,wye,allocation_factor,variable,K21_A,,,defaultload
res_10542412-s-a,true,1,2,60,ld_10542412.1,0.24,7.868235212261057,1.971965626162451,3.35300210526316,0.97,cvr,0.85,1.15,-1,0,wye,allocation_factor,variable,K21_A,,,defaultload
res_34085263-s-b,true,1,2,60,ld_34085263.2,0.24,10.68214030680421,2.677196719543545,4.52370842105263,0.97,cvr,0.85,1.15,-1,0,wye,allocation_factor,variable,K21_B,,,defaultload
com_20396677-s-a,true,3,4,60,ld_20396677.1.2.3,0.48,23.75754055861337,10.12066989775283,10.63917833333335,0.92,cvr,0.85,1.15,-1,0,wye,allocation_factor,variable,K21_ABC,,,defaultload
res_34085046-s-b,true,1,2,60,ld_34085046.2,0.24,12.92509688703161,3.239334626947599,5.47356315789475,0.97,cvr,0.85,1.15,-1,0,wye,allocation_factor,variable,K21_B,,,defaultload
res_10558562-s-c,true,1,2,60,ld_10558562.3,0.24,10.8892478196,2.729102755031259,4.62318947368421,0.97,cvr,0.85,1.15,-1,0,wye,allocation_factor,variable,K21_C,,,defaultload
res_10549289-s-c,true,1,2,60,ld_10549289.3,0.24,8.467692256620007,2.122203723263909,3.59508263157895,0.97,cvr,0.85,1.15,-1,0,wye,allocation_factor,variable,K21_C,,,defaultload
com_10548965-s-c,true,3,4,60,ld_10548965.1.2.3,0.48,29.34438052128,12.50065375568728,13.141095,0.92,cvr,0.85,1.15,-1,0,wye,allocation_factor,variable,K21_ABC,,,defaultload
res_10529608-s-a,true,1,2,60,ld_10529608.1,0.24,0.7667408660210528,0.1921633747821136,0.3267421052631581,0.97,cvr,0.85,1.15,-1,0,wye,allocation_factor,variable,K21_A,,,defaultload
res_34097396-s-c,true,1,2,60,ld_34097396.3,0.24,17.07908094180005,4.280421166260184,7.25117368421055,0.97,cvr,0.85,1.15,-1,0,wye,allocation_factor,variable,K21_C,,,defaultload
res_34086401-s-c,true,1,2,60,ld_34086401.3,0.24,12.14209408302005,3.043095626327294,5.15510368421055,0.97,cvr,0.85,1.15,-1,0,wye,allocation_factor,variable,K21_C,,,defaultload
res_34085040-s-a,true,1,2,60,ld_34085040.1,0.24,7.487117538290529,1.876448533406793,3.19059105263158,0.97,cvr,0.85,1.15,-1,0,wye,allocation_factor,variable,K21_A,,,defaultload
res_20344331-s-c,true,1,2,60,ld_20344331.3,0.24,5.816794635,1.457826153543512,2.469605263157895,0.97,cvr,0.85,1.15,-1,0,wye,allocation_factor,variable,K21_C,,,defaultload
res_10548956-s-c,true,1,2,60,ld_10548956.3,0.24,9.131313246120007,2.288522820849434,3.87683263157895,0.97,cvr,0.85,1.15,-1,0,wye,allocation_factor,variable,K21_C,,,defaultload
res_10525295-s-c,true,1,2,60,ld_10525295.3,0.24,9.376133699519999,2.349880610196399,3.980774736842105,0.97,cvr,0.85,1.15,-1,0,wye,allocation_factor,variable,K21_C,,,defaultload
res_34086324-s-c,true,1,2,60,ld_34086324.3,0.24,18.4677480738,4.628453955902548,7.840752631578951,0.97,cvr,0.85,1.15,-1,0,wye,allocation_factor,variable,K21_C,,,defaultload
res_20122385-s-c,true,1,2,60,ld_20122385.3,0.24,4.60458814536,1.15401856964514,1.954945263157895,0.97,cvr,0.85,1.15,-1,0,wye,allocation_factor,variable,K21_C,,,defaultload
res_10549269-s-c,true,1,2,60,ld_10549269.3,0.24,6.676094715839996,1.673187054210861,2.834433684210525,0.97,cvr,0.85,1.15,-1,0,wye,allocation_factor,variable,K21_C,,,defaultload
res_10548950-s-b,true,1,2,60,ld_10548950.2,0.24,9.04496037352,2.266880750945087,3.83039,0.97,cvr,0.85,1.15,-1,0,wye,allocation_factor,variable,K21_B,,,defaultload
res_10523032-s-c,true,1,2,60,ld_10523032.3,0.24,8.521864158960005,2.135780481766481,3.61808210526316,0.97,cvr,0.85,1.15,-1,0,wye,allocation_factor,variable,K21_C,,,defaultload
res_34086310-s-a,true,1,2,60,ld_34086310.1,0.24,10.31444375949473,2.585043278194588,4.395439473684211,0.97,cvr,0.85,1.15,-1,0,wye,allocation_factor,variable,K21_A,,,defaultload
res_34084952-s-a,true,1,2,60,ld_34084952.1,0.24,16.98012186138942,4.255619682864985,7.2359789473684,0.97,cvr,0.85,1.15,-1,0,wye,allocation_factor,variable,K21_A,,,defaultload
res_20028685-s-b,true,1,2,60,ld_20028685.2,0.24,28.41173121094736,7.120651050244193,12.0318947368421,0.97,cvr,0.85,1.15,-1,0,wye,allocation_factor,variable,K21_B,,,defaultload
res_10559591-s-b,true,1,2,60,ld_10559591.2,0.24,17.13946764138943,4.295555499774016,7.258278947368401,0.97,cvr,0.85,1.15,-1,0,wye,allocation_factor,variable,K21_B,,,defaultload
res_10549261-s-c,true,1,2,60,ld_10549261.3,0.24,8.406189005040002,2.106789555443405,3.56897052631579,0.97,cvr,0.85,1.15,-1,0,wye,allocation_factor,variable,K21_C,,,defaultload
res_10558523-s-b,true,1,2,60,ld_10558523.2,0.24,0.4287386738568426,0.1074520403425017,0.1815636842105265,0.97,cvr,0.85,1.15,-1,0,wye,allocation_factor,variable,K21_B,,,defaultload
res_10548938-s-c,true,1,2,60,ld_10548938.3,0.24,23.94752874120005,6.001816447428419,10.16727368421055,0.97,cvr,0.85,1.15,-1,0,wye,allocation_factor,variable,K21_C,,,defaultload
res_34095655-s-c,true,1,2,60,ld_34095655.3,0.24,8.464304265839997,2.121354612735347,3.593644210526315,0.97,cvr,0.85,1.15,-1,0,wye,allocation_factor,variable,K21_C,,,defaultload
res_10548931-s-a,true,1,2,60,ld_10548931.1,0.24,14.71267789541058,3.687344658092963,6.2697210526316,0.97,cvr,0.85,1.15,-1,0,wye,allocation_factor,variable,K21_A,,,defaultload
res_34057718-s-a,true,1,2,60,ld_34057718.1,0.24,5.660087964631574,1.418551759855413,2.412013157894735,0.97,cvr,0.85,1.15,-1,0,wye,allocation_factor,variable,K21_A,,,defaultload
res_10559398-s-a,true,1,2,60,ld_10559398.1,0.24,9.71737245413053,2.435403103646755,4.14100105263158,0.97,cvr,0.85,1.15,-1,0,wye,allocation_factor,variable,K21_A,,,defaultload
res_10558509-s-b,true,1,2,60,ld_10558509.2,0.24,6.754997656189471,1.692961995093392,2.86062894736842,0.97,cvr,0.85,1.15,-1,0,wye,allocation_factor,variable,K21_B,,,defaultload
res_10549239-s-b,true,1,2,60,ld_10549239.2,0.24,12.22244698212632,3.063233961128615,5.17600263157895,0.97,cvr,0.85,1.15,-1,0,wye,allocation_factor,variable,K21_B,,,defaultload
res_34095588-s-a,true,1,2,60,ld_34095588.1,0.24,17.74162605069471,4.446470622749026,7.5604894736842,0.97,cvr,0.85,1.15,-1,0,wye,allocation_factor,variable,K21_A,,,defaultload
res_34085953-s-c,true,1,2,60,ld_34085953.3,0.24,17.77714588439999,4.455372732208676,7.54754736842105,0.97,cvr,0.85,1.15,-1,0,wye,allocation_factor,variable,K21_C,,,defaultload
res_10559390-s-a,true,1,2,60,ld_10559390.1,0.24,12.65497271242103,3.171635127281207,5.39284210526315,0.97,cvr,0.85,1.15,-1,0,wye,allocation_factor,variable,K21_A,,,defaultload
res_10549226-s-c,true,1,2,60,ld_10549226.3,0.24,11.74150663164,2.942698947391905,4.98502842105263,0.97,cvr,0.85,1.15,-1,0,wye,allocation_factor,variable,K21_C,,,defaultload
res_34085490-s-c,true,1,2,60,ld_34085490.3,0.24,28.45472175900004,7.1314254972101,12.08086842105265,0.97,cvr,0.85,1.15,-1,0,wye,allocation_factor,variable,K21_C,,,defaultload
res_34054971-s-c,true,1,2,60,ld_34054971.3,0.24,16.27496308620005,4.078890234882373,6.909773684210551,0.97,cvr,0.85,1.15,-1,0,wye,allocation_factor,variable,K21_C,,,defaultload
res_10579831-s-b,true,1,2,60,ld_10579831.2,0.24,18.59342406025264,4.659951327121506,7.8740052631579,0.97,cvr,0.85,1.15,-1,0,wye,allocation_factor,variable,K21_B,,,defaultload
res_34090753-s-a,true,1,2,60,ld_34090753.1,0.24,4.16511680256,1.043876668913118,1.77494,0.97,cvr,0.85,1.15,-1,0,wye,allocation_factor,variable,K21_A,,,defaultload
res_34085462-s-b,true,1,2,60,ld_34085462.2,0.24,15.09698374741058,3.783660783581451,6.393321052631601,0.97,cvr,0.85,1.15,-1,0,wye,allocation_factor,variable,K21_B,,,defaultload
res_34054965-s-b,true,1,2,60,ld_34054965.2,0.24,8.655901381840001,2.16937337636294,3.66563,0.97,cvr,0.85,1.15,-1,0,wye,allocation_factor,variable,K21_B,,,defaultload
res_10558646-s-b,true,1,2,60,ld_10558646.2,0.24,14.60406681978942,3.660124156675861,6.184578947368401,0.97,cvr,0.85,1.15,-1,0,wye,allocation_factor,variable,K21_B,,,defaultload
res_10556739-s-a,true,1,2,60,ld_10556739.1,0.24,11.07794875452632,2.776395667261382,4.72080263157895,0.97,cvr,0.85,1.15,-1,0,wye,allocation_factor,variable,K21_A,,,defaultload
res_10549018-s-c,true,1,2,60,ld_10549018.3,0.24,9.334462528619994,2.339436830314388,3.963082631578945,0.97,cvr,0.85,1.15,-1,0,wye,allocation_factor,variable,K21_C,,,defaultload
com_34090004-s-c,true,3,4,60,ld_34090004.1.2.3,0.48,0.6151534515199989,0.2620542729975489,0.2754799999999995,0.92,cvr,0.85,1.15,-1,0,wye,allocation_factor,variable,K21_ABC,,,defaultload
res_34085371-s-b,true,1,2,60,ld_34085371.2,0.24,19.0549969347369,4.775632393827999,8.06947368421055,0.97,cvr,0.85,1.15,-1,0,wye,allocation_factor,variable,K21_B,,,defaultload
res_20494026-s-c,true,1,2,60,ld_20494026.3,0.24,8.331736265100002,2.088129939916596,3.53736052631579,0.97,cvr,0.85,1.15,-1,0,wye,allocation_factor,variable,K21_C,,,defaultload
res_10579373-s-a,true,1,2,60,ld_10579373.1,0.24,5.967031324092632,1.495479017074773,2.542815263157895,0.97,cvr,0.85,1.15,-1,0,wye,allocation_factor,variable,K21_A,,,defaultload
res_10558582-s-c,true,1,2,60,ld_10558582.3,0.24,12.29679993203994,3.081868566917339,5.22078631578945,0.97,cvr,0.85,1.15,-1,0,wye,allocation_factor,variable,K21_C,,,defaultload
res_34087254-s-c,true,1,2,60,ld_34087254.3,0.24,14.01629016960005,3.51281344229506,5.950821052631601,0.97,cvr,0.85,1.15,-1,0,wye,allocation_factor,variable,K21_C,,,defaultload
res_34085340-s-c,true,1,2,60,ld_34085340.3,0.24,16.84342157580005,4.221359361840422,7.1511210526316,0.97,cvr,0.85,1.15,-1,0,wye,allocation_factor,variable,K21_C,,,defaultload
res_20416460-s-a,true,1,2,60,ld_20416460.1,0.24,1.816379605894735,0.4552276400310638,0.7740394736842101,0.97,cvr,0.85,1.15,-1,0,wye,allocation_factor,variable,K21_A,,,defaultload
res_10558576-s-c,true,1,2,60,ld_10558576.3,0.24,0.1559318727600004,0.03908021110333522,0.06620315789473702,0.97,cvr,0.85,1.15,-1,0,wye,allocation_factor,variable,K21_C,,,defaultload
res_10549313-s-b,true,1,2,60,ld_10549313.2,0.24,4.615761058298943,1.156818765580484,1.95469789473684,0.97,cvr,0.85,1.15,-1,0,wye,allocation_factor,variable,K21_B,,,defaultload
res_34086800-s-c,true,1,2,60,ld_34086800.3,0.24,8.468993899620001,2.122529945750181,3.595635263157895,0.97,cvr,0.85,1.15,-1,0,wye,allocation_factor,variable,K21_C,,,defaultload
res_34085264-s-b,true,1,2,60,ld_34085264.2,0.24,7.706310796922105,1.931383542318886,3.263494210526316,0.97,cvr,0.85,1.15,-1,0,wye,allocation_factor,variable,K21_B,,,defaultload
res_10548981-s-a,true,1,2,60,ld_10548981.1,0.24,16.83138295174736,4.218342198248108,7.1725947368421,0.97,cvr,0.85,1.15,-1,0,wye,allocation_factor,variable,K21_A,,,defaultload
com_10540314-s-b,true,3,4,60,ld_10540314.1.2.3,0.48,28.10669719562663,11.97340286681742,12.58683166666665,0.92,cvr,0.85,1.15,-1,0,wye,allocation_factor,variable,K21_ABC,,,defaultload
res_34086415-s-c,true,1,2,60,ld_34086415.3,0.24,0.03448610153999995,0.008643031757776526,0.0146415789473684,0.97,cvr,0.85,1.15,-1,0,wye,allocation_factor,variable,K21_C,,,defaultload
res_34085047-s-c,true,1,2,60,ld_34085047.3,0.24,8.256745512720006,2.069335485762128,3.50552210526316,0.97,cvr,0.85,1.15,-1,0,wye,allocation_factor,variable,K21_C,,,defaultload
res_20344372-s-b,true,1,2,60,ld_20344372.2,0.24,19.9324812835369,4.995550701637698,8.441073684210551,0.97,cvr,0.85,1.15,-1,0,wye,allocation_factor,variable,K21_B,,,defaultload
res_10573328-s-c,true,1,2,60,ld_10573328.3,0.24,5.592630636179995,1.401645359709676,2.374433157894735,0.97,cvr,0.85,1.15,-1,0,wye,allocation_factor,variable,K21_C,,,defaultload
res_10549290-s-b,true,1,2,60,ld_10549290.2,0.24,23.44615958277897,5.876161491805878,9.92905789473685,0.97,cvr,0.85,1.15,-1,0,wye,allocation_factor,variable,K21_B,,,defaultload
res_34086402-s-a,true,1,2,60,ld_34086402.1,0.24,0.6123787042357897,0.1534765703324545,0.2609615789473685,0.97,cvr,0.85,1.15,-1,0,wye,allocation_factor,variable,K21_A,,,defaultload
res_34085041-s-a,true,1,2,60,ld_34085041.1,0.24,14.43242923654735,3.617107723488464,6.1502947368421,0.97,cvr,0.85,1.15,-1,0,wye,allocation_factor,variable,K21_A,,,defaultload
res_20344332-s-b,true,1,2,60,ld_20344332.2,0.24,15.83129462589471,3.967696437349325,6.7042894736842,0.97,cvr,0.85,1.15,-1,0,wye,allocation_factor,variable,K21_B,,,defaultload
res_10560616-s-c,true,1,2,60,ld_10560616.3,0.24,8.553118466880003,2.14361354969405,3.63135157894737,0.97,cvr,0.85,1.15,-1,0,wye,allocation_factor,variable,K21_C,,,defaultload
res_10558557-s-c,true,1,2,60,ld_10558557.3,0.24,14.88851494559997,3.731413576907051,6.32113684210525,0.97,cvr,0.85,1.15,-1,0,wye,allocation_factor,variable,K21_C,,,defaultload
res_10526702-s-b,true,1,2,60,ld_10526702.2,0.24,5.710635430829472,1.431220149035815,2.41835894736842,0.97,cvr,0.85,1.15,-1,0,wye,allocation_factor,variable,K21_B,,,defaultload
res_34097297-s-a,true,1,2,60,ld_34097297.1,0.24,9.151959576656838,2.293697279038174,3.900053684210525,0.97,cvr,0.85,1.15,-1,0,wye,allocation_factor,variable,K21_A,,,defaultload
res_34085035-s-a,true,1,2,60,ld_34085035.1,0.24,9.567132940193689,2.3977495321428,4.076977368421055,0.97,cvr,0.85,1.15,-1,0,wye,allocation_factor,variable,K21_A,,,defaultload
res_20251418-s-c,true,1,2,60,ld_20251418.3,0.24,7.326406715579995,1.836170604546251,3.110533157894735,0.97,cvr,0.85,1.15,-1,0,wye,allocation_factor,variable,K21_C,,,defaultload
res_10560281-s-b,true,1,2,60,ld_10560281.2,0.24,19.92580731187368,4.99387804667063,8.438247368421051,0.97,cvr,0.85,1.15,-1,0,wye,allocation_factor,variable,K21_B,,,defaultload
res_10558550-s-a,true,1,2,60,ld_10558550.1,0.24,11.64870328926316,2.919440237373306,4.964026315789476,0.97,cvr,0.85,1.15,-1,0,wye,allocation_factor,variable,K21_A,,,defaultload
res_34096113-s-b,true,1,2,60,ld_34096113.2,0.24,7.61405960611369,1.908263214527558,3.224427368421055,0.97,cvr,0.85,1.15,-1,0,wye,allocation_factor,variable,K21_B,,,defaultload
res_34084953-s-b,true,1,2,60,ld_34084953.2,0.24,11.77461229810106,2.950996009507013,4.98635210526316,0.97,cvr,0.85,1.15,-1,0,wye,allocation_factor,variable,K21_B,,,defaultload
res_10559592-s-b,true,1,2,60,ld_10559592.2,0.24,13.23749344517897,3.317628584586038,5.605857894736851,0.97,cvr,0.85,1.15,-1,0,wye,allocation_factor,variable,K21_B,,,defaultload
res_10558544-s-b,true,1,2,60,ld_10558544.2,0.24,28.03572685583161,7.026415475992398,11.87266315789475,0.97,cvr,0.85,1.15,-1,0,wye,allocation_factor,variable,K21_B,,,defaultload
res_10548945-s-c,true,1,2,60,ld_10548945.3,0.24,15.29756555580001,3.833931323379385,6.494805263157901,0.97,cvr,0.85,1.15,-1,0,wye,allocation_factor,variable,K21_C,,,defaultload
res_34084663-s-b,true,1,2,60,ld_34084663.2,0.24,26.98232059103161,6.762406979991571,11.42656315789475,0.97,cvr,0.85,1.15,-1,0,wye,allocation_factor,variable,K21_B,,,defaultload
res_10585091-s-c,true,1,2,60,ld_10585091.3,0.24,11.77173574074,2.950275076275525,4.99786263157895,0.97,cvr,0.85,1.15,-1,0,wye,allocation_factor,variable,K21_C,,,defaultload
res_10559574-s-a,true,1,2,60,ld_10559574.1,0.24,6.496734759612632,1.628235211917279,2.768545263157895,0.97,cvr,0.85,1.15,-1,0,wye,allocation_factor,variable,K21_A,,,defaultload
res_10548939-s-c,true,1,2,60,ld_10548939.3,0.24,21.81391272540004,5.467081868570011,9.2614157894737,0.97,cvr,0.85,1.15,-1,0,wye,allocation_factor,variable,K21_C,,,defaultload
res_34095658-s-c,true,1,2,60,ld_34095658.3,0.24,7.210642306139996,1.80715730868126,3.061383684210525,0.97,cvr,0.85,1.15,-1,0,wye,allocation_factor,variable,K21_C,,,defaultload
res_34086299-s-a,true,1,2,60,ld_34086299.1,0.24,8.790204020816837,2.20303279050355,3.745893684210525,0.97,cvr,0.85,1.15,-1,0,wye,allocation_factor,variable,K21_A,,,defaultload
res_10559507-s-a,true,1,2,60,ld_10559507.1,0.24,27.53946053658942,6.902039412419365,11.7357789473684,0.97,cvr,0.85,1.15,-1,0,wye,allocation_factor,variable,K21_A,,,defaultload
res_34057775-s-a,true,1,2,60,ld_34057775.1,0.24,17.9658150972631,4.502657694140345,7.65602631578945,0.97,cvr,0.85,1.15,-1,0,wye,allocation_factor,variable,K21_A,,,defaultload
res_34054978-s-a,true,1,2,60,ld_34054978.1,0.24,14.10870628042103,3.535975102937666,6.01234210526315,0.97,cvr,0.85,1.15,-1,0,wye,allocation_factor,variable,K21_A,,,defaultload
res_10579843-s-c,true,1,2,60,ld_10579843.3,0.24,6.026770725119996,1.510451122276956,2.558753684210525,0.97,cvr,0.85,1.15,-1,0,wye,allocation_factor,variable,K21_C,,,defaultload
k_22_aggregate,true,3,4,60,k22.1.2.3,13.2,7685,0,7685,1,cvr,0.95,1.05,-1,0,wye,kw_pf,variable,AggLoadProfileK22,,,defaultload
