transformer,winding,terminal,connection,kv,kva,tap,r_pct,r_neut,x_neut,max_tap,min_tap,num_taps
t2,1,trans_equiv.1.2.3,delta,66,12000,1,0.00250041667,-1,0,1.1,0.9,32
t2,2,k_lsb.1.2.3.4,wye,13.8,12000,0.95625,0.00250041667,-1,0,1.1,0.9,32
10559391-sa,1,10559391.1,wye,7.62,25,1,0.0038195,-1,0,1.1,0.9,32
10559391-sa,2,sec_10559391.1,wye,0.24,25,1,0.0038195,-1,0,1.1,0.9,32
10558483-sb,1,10558483.2,wye,7.62,25,1,0.0038195,-1,0,1.1,0.9,32
10558483-sb,2,sec_10558483.2,wye,0.24,25,1,0.0038195,-1,0,1.1,0.9,32
34092313-sc,1,34092313.3,wye,7.62,15,1,0.0038195,-1,0,1.1,0.9,32
34092313-sc,2,sec_34092313.3,wye,0.24,15,1,0.0038195,-1,0,1.1,0.9,32
34085491-sb,1,34085491.2,wye,7.62,37.5,1,0.0038195,-1,0,1.1,0.9,32
34085491-sb,2,sec_34085491.2,wye,0.24,37.5,1,0.0038195,-1,0,1.1,0.9,32
34054972-sc,1,34054972.3,wye,7.62,50,1,0.00369,-1,0,1.1,0.9,32
34054972-sc,2,sec_34054972.3,wye,0.24,50,1,0.00369,-1,0,1.1,0.9,32
10559275-sa,1,10559275.1,wye,7.62,15,1,0.004055,-1,0,1.1,0.9,32
10559275-sa,2,sec_10559275.1,wye,0.24,15,1,0.004055,-1,0,1.1,0.9,32
34085468-sc,1,34085468.3,wye,7.62,15,1,0.004055,-1,0,1.1,0.9,32
34085468-sc,2,sec_34085468.3,wye,0.24,15,1,0.004055,-1,0,1.1,0.9,32
10549020-sc,1,10549020.3,wye,7.62,15,1,0.004055,-1,0,1.1,0.9,32
10549020-sc,2,sec_10549020.3,wye,0.24,15,1,0.004055,-1,0,1.1,0.9,32
10548907-sb,1,10548907.2,wye,7.62,37.5,1,0.004055,-1,0,1.1,0.9,32
10548907-sb,2,sec_10548907.2,wye,0.24,37.5,1,0.004055,-1,0,1.1,0.9,32
10555985-sc,1,10555985.3,wye,7.62,25,1,0.00504,-1,0,1.1,0.9,32
10555985-sc,2,sec_10555985.3,wye,0.24,25,1,0.00504,-1,0,1.1,0.9,32
10548988-sb,1,10548988.2,wye,7.62,25,1,0.0038195,-1,0,1.1,0.9,32
10548988-sb,2,sec_10548988.2,wye,0.24,25,1,0.0038195,-1,0,1.1,0.9,32
10543795-sc,1,10543795.3,wye,7.62,15,1,0.00504,-1,0,1.1,0.9,32
10543795-sc,2,sec_10543795.3,wye,0.24,15,1,0.00504,-1,0,1.1,0.9,32
34086801-sc,1,34086801.3,wye,7.62,10,1,0.00511,-1,0,1.1,0.9,32
34086801-sc,2,sec_34086801.3,wye,0.24,10,1,0.00511,-1,0,1.1,0.9,32
34085286-sb,1,34085286.2,wye,7.62,25,1,0.0038195,-1,0,1.1,0.9,32
34085286-sb,2,sec_34085286.2,wye,0.24,25,1,0.0038195,-1,0,1.1,0.9,32
10574854-sc,1,10574854.3,wye,7.62,15,1,0.0038195,-1,0,1.1,0.9,32
10574854-sc,2,sec_10574854.3,wye,0.24,15,1,0.0038195,-1,0,1.1,0.9,32
10548982-sa,1,10548982.1,wye,7.62,75,1,0.003745,-1,0,1.1,0.9,32
10548982-sa,2,sec_10548982.1,wye,0.24,75,1,0.003745,-1,0,1.1,0.9,32
34086794-sb,1,34086794.2,wye,7.62,15,1,0.003745,-1,0,1.1,0.9,32
34086794-sb,2,sec_34086794.2,wye,0.24,15,1,0.003745,-1,0,1.1,0.9,32
34085048-sc,1,34085048.3,wye,7.62,10,1,0.00511,-1,0,1.1,0.9,32
34085048-sc,2,sec_34085048.3,wye,0.24,10,1,0.00511,-1,0,1.1,0.9,32
20350796-sb,1,20350796.2,wye,7.62,50,1,0.004055,-1,0,1.1,0.9,32
20350796-sb,2,sec_20350796.2,wye,0.24,50,1,0.004055,-1,0,1.1,0.9,32
10548968-sa,1,10548968.1,wye,7.62,37.5,1,0.004055,-1,0,1.1,0.9,32
10548968-sa,2,sec_10548968.1,wye,0.24,37.5,1,0.004055,-1,0,1.1,0.9,32
10532911-sc,1,10532911.3,wye,7.62,15,1,0.004055,-1,0,1.1,0.9,32
10532911-sc,2,sec_10532911.3,wye,0.24,15,1,0.004055,-1,0,1.1,0.9,32
34097398-sc,1,34097398.3,wye,7.62,25,1,0.00504,-1,0,1.1,0.9,32
34097398-sc,2,sec_34097398.3,wye,0.24,25,1,0.00504,-1,0,1.1,0.9,32
34085042-sa,1,34085042.1,wye,7.62,37.5,1,0.00504,-1,0,1.1,0.9,32
34085042-sa,2,sec_34085042.1,wye,0.24,37.5,1,0.00504,-1,0,1.1,0.9,32
20344333-sa,1,20344333.1,wye,7.62,50,1,0.00369,-1,0,1.1,0.9,32
20344333-sa,2,sec_20344333.1,wye,0.24,50,1,0.00369,-1,0,1.1,0.9,32
10560618-sc,1,10560618.3,wye,7.62,25,1,0.00504,-1,0,1.1,0.9,32
10560618-sc,2,sec_10560618.3,wye,0.24,25,1,0.00504,-1,0,1.1,0.9,32
10549285-sb,1,10549285.2,wye,7.62,25,1,0.0038195,-1,0,1.1,0.9,32
10549285-sb,2,sec_10549285.2,wye,0.24,25,1,0.0038195,-1,0,1.1,0.9,32
10526890-sabc,1,10526890,wye,13.2,112.5,1,0.00504,-1,0,1.1,0.9,32
10526890-sabc,2,sec_10526890,wye,0.48,112.5,1,0.00504,-1,0,1.1,0.9,32
34097392-sc,1,34097392.3,wye,7.62,15,1,0.00504,-1,0,1.1,0.9,32
34097392-sc,2,sec_34097392.3,wye,0.24,15,1,0.00504,-1,0,1.1,0.9,32
34085036-sa,1,34085036.1,wye,7.62,25,1,0.0038195,-1,0,1.1,0.9,32
34085036-sa,2,sec_34085036.1,wye,0.24,25,1,0.0038195,-1,0,1.1,0.9,32
20251419-sc,1,20251419.3,wye,7.62,15,1,0.00504,-1,0,1.1,0.9,32
20251419-sc,2,sec_20251419.3,wye,0.24,15,1,0.00504,-1,0,1.1,0.9,32
10560337-sb,1,10560337.2,wye,7.62,15,1,0.00504,-1,0,1.1,0.9,32
10560337-sb,2,sec_10560337.2,wye,0.24,15,1,0.00504,-1,0,1.1,0.9,32
10558551-sa,1,10558551.1,wye,7.62,15,1,0.00504,-1,0,1.1,0.9,32
10558551-sa,2,sec_10558551.1,wye,0.24,15,1,0.00504,-1,0,1.1,0.9,32
10524061-sc,1,10524061.3,wye,7.62,15,1,0.00504,-1,0,1.1,0.9,32
10524061-sc,2,sec_10524061.3,wye,0.24,15,1,0.00504,-1,0,1.1,0.9,32
34096115-sb,1,34096115.2,wye,7.62,15,1,0.00504,-1,0,1.1,0.9,32
34096115-sb,2,sec_34096115.2,wye,0.24,15,1,0.00504,-1,0,1.1,0.9,32
34086318-sb,1,34086318.2,wye,7.62,15,1,0.00504,-1,0,1.1,0.9,32
34086318-sb,2,sec_34086318.2,wye,0.24,15,1,0.00504,-1,0,1.1,0.9,32
34084954-sb,1,34084954.2,wye,7.62,10,1,0.005765,-1,0,1.1,0.9,32
34084954-sb,2,sec_34084954.2,wye,0.24,10,1,0.005765,-1,0,1.1,0.9,32
10558545-sb,1,10558545.2,wye,7.62,15,1,0.005765,-1,0,1.1,0.9,32
10558545-sb,2,sec_10558545.2,wye,0.24,15,1,0.005765,-1,0,1.1,0.9,32
10549263-sa,1,10549263.1,wye,7.62,25,1,0.00504,-1,0,1.1,0.9,32
10549263-sa,2,sec_10549263.1,wye,0.24,25,1,0.00504,-1,0,1.1,0.9,32
34095665-sb,1,34095665.2,wye,7.62,37.5,1,0.00504,-1,0,1.1,0.9,32
34095665-sb,2,sec_34095665.2,wye,0.24,37.5,1,0.00504,-1,0,1.1,0.9,32
34086306-sa,1,34086306.1,wye,7.62,25,1,0.0038195,-1,0,1.1,0.9,32
34086306-sa,2,sec_34086306.1,wye,0.24,25,1,0.0038195,-1,0,1.1,0.9,32
34084664-sb,1,34084664.2,wye,7.62,50,1,0.004055,-1,0,1.1,0.9,32
34084664-sb,2,sec_34084664.2,wye,0.24,50,1,0.004055,-1,0,1.1,0.9,32
20014991-sc,1,20014991.3,wye,7.62,37.5,1,0.004055,-1,0,1.1,0.9,32
20014991-sc,2,sec_20014991.3,wye,0.24,37.5,1,0.004055,-1,0,1.1,0.9,32
10559587-sc,1,10559587.3,wye,7.62,50,1,0.004055,-1,0,1.1,0.9,32
10559587-sc,2,sec_10559587.3,wye,0.24,50,1,0.004055,-1,0,1.1,0.9,32
10549255-sc,1,10549255.3,wye,7.62,25,1,0.00504,-1,0,1.1,0.9,32
10549255-sc,2,sec_10549255.3,wye,0.24,25,1,0.00504,-1,0,1.1,0.9,32
10548940-sb,1,10548940.2,wye,7.62,15,1,0.0038195,-1,0,1.1,0.9,32
10548940-sb,2,sec_10548940.2,wye,0.24,15,1,0.0038195,-1,0,1.1,0.9,32
34095659-sc,1,34095659.3,wye,7.62,25,1,0.00504,-1,0,1.1,0.9,32
34095659-sc,2,sec_34095659.3,wye,0.24,25,1,0.00504,-1,0,1.1,0.9,32
34086300-sc,1,34086300.3,wye,7.62,25,1,0.00504,-1,0,1.1,0.9,32
34086300-sc,2,sec_34086300.3,wye,0.24,25,1,0.00504,-1,0,1.1,0.9,32
10580378-sb,1,10580378.2,wye,7.62,15,1,0.00504,-1,0,1.1,0.9,32
10580378-sb,2,sec_10580378.2,wye,0.24,15,1,0.00504,-1,0,1.1,0.9,32
10549248-sc,1,10549248.3,wye,7.62,15,1,0.00504,-1,0,1.1,0.9,32
10549248-sc,2,sec_10549248.3,wye,0.24,15,1,0.00504,-1,0,1.1,0.9,32
10548933-sabc,1,10548933,wye,13.2,150,1,0.004055,-1,0,1.1,0.9,32
10548933-sabc,2,sec_10548933,wye,0.48,150,1,0.004055,-1,0,1.1,0.9,32
34086016-sb,1,34086016.2,wye,7.62,25,1,0.0038195,-1,0,1.1,0.9,32
34086016-sb,2,sec_34086016.2,wye,0.24,25,1,0.0038195,-1,0,1.1,0.9,32
34057797-sc,1,34057797.3,wye,7.62,50,1,0.004055,-1,0,1.1,0.9,32
34057797-sc,2,sec_34057797.3,wye,0.24,50,1,0.004055,-1,0,1.1,0.9,32
10579978-sc,1,10579978.3,wye,7.62,25,1,0.00504,-1,0,1.1,0.9,32
10579978-sc,2,sec_10579978.3,wye,0.24,25,1,0.00504,-1,0,1.1,0.9,32
10549241-sb,1,10549241.2,wye,7.62,25,1,0.0038195,-1,0,1.1,0.9,32
10549241-sb,2,sec_10549241.2,wye,0.24,25,1,0.0038195,-1,0,1.1,0.9,32
10548927-sc,1,10548927.3,wye,7.62,15,1,0.00504,-1,0,1.1,0.9,32
10548927-sc,2,sec_10548927.3,wye,0.24,15,1,0.00504,-1,0,1.1,0.9,32
34095590-sa,1,34095590.1,wye,7.62,37.5,1,0.00504,-1,0,1.1,0.9,32
34095590-sa,2,sec_34095590.1,wye,0.24,37.5,1,0.00504,-1,0,1.1,0.9,32
34054979-sa,1,34054979.1,wye,7.62,50,1,0.004055,-1,0,1.1,0.9,32
34054979-sa,2,sec_34054979.1,wye,0.24,50,1,0.004055,-1,0,1.1,0.9,32
10559392-sa,1,10559392.1,wye,7.62,25,1,0.00504,-1,0,1.1,0.9,32
10559392-sa,2,sec_10559392.1,wye,0.24,25,1,0.00504,-1,0,1.1,0.9,32
34095281-sa,1,34095281.1,wye,7.62,25,1,0.00504,-1,0,1.1,0.9,32
34095281-sa,2,sec_34095281.1,wye,0.24,25,1,0.00504,-1,0,1.1,0.9,32
10579833-sb,1,10579833.2,wye,7.62,25,1,0.0038195,-1,0,1.1,0.9,32
10579833-sb,2,sec_10579833.2,wye,0.24,25,1,0.0038195,-1,0,1.1,0.9,32
10559385-sa,1,10559385.1,wye,7.62,25,1,0.00504,-1,0,1.1,0.9,32
10559385-sa,2,sec_10559385.1,wye,0.24,25,1,0.00504,-1,0,1.1,0.9,32
34090007-sabc,1,34090007,wye,13.2,45,1,0.0038195,-1,0,1.1,0.9,32
34090007-sabc,2,sec_34090007,wye,0.48,45,1,0.0038195,-1,0,1.1,0.9,32
34085401-sb,1,34085401.2,wye,7.62,25,1,0.0038195,-1,0,1.1,0.9,32
34085401-sb,2,sec_34085401.2,wye,0.24,25,1,0.0038195,-1,0,1.1,0.9,32
34054927-sa,1,34054927.1,wye,7.62,50,1,0.004055,-1,0,1.1,0.9,32
34054927-sa,2,sec_34054927.1,wye,0.24,50,1,0.004055,-1,0,1.1,0.9,32
10556735-sa,1,10556735.1,wye,7.62,25,1,0.00504,-1,0,1.1,0.9,32
10556735-sa,2,sec_10556735.1,wye,0.24,25,1,0.00504,-1,0,1.1,0.9,32
10548901-sabc,1,10548901,wye,13.2,75,1,0.00504,-1,0,1.1,0.9,32
10548901-sabc,2,sec_10548901,wye,0.48,75,1,0.00504,-1,0,1.1,0.9,32
34087256-sb,1,34087256.2,wye,7.62,15,1,0.00504,-1,0,1.1,0.9,32
34087256-sb,2,sec_34087256.2,wye,0.24,15,1,0.00504,-1,0,1.1,0.9,32
20437314-sa,1,20437314.1,wye,7.62,15,1,0.00504,-1,0,1.1,0.9,32
20437314-sa,2,sec_20437314.1,wye,0.24,15,1,0.00504,-1,0,1.1,0.9,32
10579185-sa,1,10579185.1,wye,7.62,15,1,0.00504,-1,0,1.1,0.9,32
10579185-sa,2,sec_10579185.1,wye,0.24,15,1,0.00504,-1,0,1.1,0.9,32
10548989-sb,1,10548989.2,wye,7.62,25,1,0.00504,-1,0,1.1,0.9,32
10548989-sb,2,sec_10548989.2,wye,0.24,25,1,0.00504,-1,0,1.1,0.9,32
34086802-sc,1,34086802.3,wye,7.62,15,1,0.0038195,-1,0,1.1,0.9,32
34086802-sc,2,sec_34086802.3,wye,0.24,15,1,0.0038195,-1,0,1.1,0.9,32
10549309-sb,1,10549309.2,wye,7.62,37.5,1,0.0038195,-1,0,1.1,0.9,32
10549309-sb,2,sec_10549309.2,wye,0.24,37.5,1,0.0038195,-1,0,1.1,0.9,32
10548983-sa,1,10548983.1,wye,7.62,15,1,0.0038195,-1,0,1.1,0.9,32
10548983-sa,2,sec_10548983.1,wye,0.24,15,1,0.0038195,-1,0,1.1,0.9,32
10541616-sc,1,10541616.3,wye,7.62,15,1,0.0038195,-1,0,1.1,0.9,32
10541616-sc,2,sec_10541616.3,wye,0.24,15,1,0.0038195,-1,0,1.1,0.9,32
40154810-sa,1,40154810.1,wye,7.62,15,1,0.0038195,-1,0,1.1,0.9,32
40154810-sa,2,sec_40154810.1,wye,0.24,15,1,0.0038195,-1,0,1.1,0.9,32
34086796-sb,1,34086796.2,wye,7.62,15,1,0.0038195,-1,0,1.1,0.9,32
34086796-sb,2,sec_34086796.2,wye,0.24,15,1,0.0038195,-1,0,1.1,0.9,32
34085260-sb,1,34085260.2,wye,7.62,25,1,0.0038195,-1,0,1.1,0.9,32
34085260-sb,2,sec_34085260.2,wye,0.24,25,1,0.0038195,-1,0,1.1,0.9,32
10558565-sc,1,10558565.3,wye,7.62,15,1,0.00504,-1,0,1.1,0.9,32
10558565-sc,2,sec_10558565.3,wye,0.24,15,1,0.00504,-1,0,1.1,0.9,32
10549286-sb,1,10549286.2,wye,7.62,25,1,0.0038195,-1,0,1.1,0.9,32
10549286-sb,2,sec_10549286.2,wye,0.24,25,1,0.0038195,-1,0,1.1,0.9,32
10548961-sb,1,10548961.2,wye,7.62,10,1,0.005765,-1,0,1.1,0.9,32
10548961-sb,2,sec_10548961.2,wye,0.24,10,1,0.005765,-1,0,1.1,0.9,32
10528321-sb,1,10528321.2,wye,7.62,15,1,0.005765,-1,0,1.1,0.9,32
10528321-sb,2,sec_10528321.2,wye,0.24,15,1,0.005765,-1,0,1.1,0.9,32
34097393-sc,1,34097393.3,wye,7.62,15,1,0.005765,-1,0,1.1,0.9,32
34097393-sc,2,sec_34097393.3,wye,0.24,15,1,0.005765,-1,0,1.1,0.9,32
34086383-sc,1,34086383.3,wye,7.62,25,1,0.00504,-1,0,1.1,0.9,32
34086383-sc,2,sec_34086383.3,wye,0.24,25,1,0.00504,-1,0,1.1,0.9,32
10560338-sb,1,10560338.2,wye,7.62,25,1,0.00504,-1,0,1.1,0.9,32
10560338-sb,2,sec_10560338.2,wye,0.24,25,1,0.00504,-1,0,1.1,0.9,32
10549276-sa,1,10549276.1,wye,7.62,25,1,0.0038195,-1,0,1.1,0.9,32
10549276-sa,2,sec_10549276.1,wye,0.24,25,1,0.0038195,-1,0,1.1,0.9,32
10548953-sa,1,10548953.1,wye,7.62,37.5,1,0.0038195,-1,0,1.1,0.9,32
10548953-sa,2,sec_10548953.1,wye,0.24,37.5,1,0.0038195,-1,0,1.1,0.9,32
34096116-sb,1,34096116.2,wye,7.62,25,1,0.00504,-1,0,1.1,0.9,32
34096116-sb,2,sec_34096116.2,wye,0.24,25,1,0.00504,-1,0,1.1,0.9,32
10559735-sc,1,10559735.3,wye,7.62,15,1,0.0038195,-1,0,1.1,0.9,32
10559735-sc,2,sec_10559735.3,wye,0.24,15,1,0.0038195,-1,0,1.1,0.9,32
10548947-sa,1,10548947.1,wye,7.62,37.5,1,0.0038195,-1,0,1.1,0.9,32
10548947-sa,2,sec_10548947.1,wye,0.24,37.5,1,0.0038195,-1,0,1.1,0.9,32
34086307-sa,1,34086307.1,wye,7.62,15,1,0.0038195,-1,0,1.1,0.9,32
34086307-sa,2,sec_34086307.1,wye,0.24,15,1,0.0038195,-1,0,1.1,0.9,32
34084665-sb,1,34084665.2,wye,7.62,37.5,1,0.0038195,-1,0,1.1,0.9,32
34084665-sb,2,sec_34084665.2,wye,0.24,37.5,1,0.0038195,-1,0,1.1,0.9,32
20014992-sa,1,20014992.1,wye,7.62,15,1,0.0038195,-1,0,1.1,0.9,32
20014992-sa,2,sec_20014992.1,wye,0.24,15,1,0.0038195,-1,0,1.1,0.9,32
10559588-sc,1,10559588.3,wye,7.62,37.5,1,0.0038195,-1,0,1.1,0.9,32
10559588-sc,2,sec_10559588.3,wye,0.24,37.5,1,0.0038195,-1,0,1.1,0.9,32
10549258-sc,1,10549258.3,wye,7.62,15,1,0.0038195,-1,0,1.1,0.9,32
10549258-sc,2,sec_10549258.3,wye,0.24,15,1,0.0038195,-1,0,1.1,0.9,32
10548941-sc,1,10548941.3,wye,7.62,15,1,0.0038195,-1,0,1.1,0.9,32
10548941-sc,2,sec_10548941.3,wye,0.24,15,1,0.0038195,-1,0,1.1,0.9,32
34095660-sc,1,34095660.3,wye,7.62,37.5,1,0.0038195,-1,0,1.1,0.9,32
34095660-sc,2,sec_34095660.3,wye,0.24,37.5,1,0.0038195,-1,0,1.1,0.9,32
34086301-sc,1,34086301.3,wye,7.62,25,1,0.00504,-1,0,1.1,0.9,32
34086301-sc,2,sec_34086301.3,wye,0.24,25,1,0.00504,-1,0,1.1,0.9,32
34084602-sc,1,34084602.3,wye,7.62,25,1,0.0038195,-1,0,1.1,0.9,32
34084602-sc,2,sec_34084602.3,wye,0.24,25,1,0.0038195,-1,0,1.1,0.9,32
34095650-sb,1,34095650.2,wye,7.62,25,1,0.0038195,-1,0,1.1,0.9,32
34095650-sb,2,sec_34095650.2,wye,0.24,25,1,0.0038195,-1,0,1.1,0.9,32
34057798-sb,1,34057798.2,wye,7.62,50,1,0.00369,-1,0,1.1,0.9,32
34057798-sb,2,sec_34057798.2,wye,0.24,50,1,0.00369,-1,0,1.1,0.9,32
10580150-sabc,1,10580150,wye,13.2,500,1,0.00369,-1,0,1.1,0.9,32
10580150-sabc,2,sec_10580150,wye,0.48,500,1,0.00369,-1,0,1.1,0.9,32
10559407-sa,1,10559407.1,wye,7.62,15,1,0.00369,-1,0,1.1,0.9,32
10559407-sa,2,sec_10559407.1,wye,0.24,15,1,0.00369,-1,0,1.1,0.9,32
34095591-sc,1,34095591.3,wye,7.62,25,1,0.0038195,-1,0,1.1,0.9,32
34095591-sc,2,sec_34095591.3,wye,0.24,25,1,0.0038195,-1,0,1.1,0.9,32
34054980-sa,1,34054980.1,wye,7.62,50,1,0.004055,-1,0,1.1,0.9,32
34054980-sa,2,sec_34054980.1,wye,0.24,50,1,0.004055,-1,0,1.1,0.9,32
10579845-sc,1,10579845.3,wye,7.62,10,1,0.00511,-1,0,1.1,0.9,32
10579845-sc,2,sec_10579845.3,wye,0.24,10,1,0.00511,-1,0,1.1,0.9,32
10559393-sa,1,10559393.1,wye,7.62,15,1,0.00511,-1,0,1.1,0.9,32
10559393-sa,2,sec_10559393.1,wye,0.24,15,1,0.00511,-1,0,1.1,0.9,32
34085493-sa,1,34085493.1,wye,7.62,37.5,1,0.00511,-1,0,1.1,0.9,32
34085493-sa,2,sec_34085493.1,wye,0.24,37.5,1,0.00511,-1,0,1.1,0.9,32
34054974-sb,1,34054974.2,wye,7.62,50,1,0.004055,-1,0,1.1,0.9,32
34054974-sb,2,sec_34054974.2,wye,0.24,50,1,0.004055,-1,0,1.1,0.9,32
10559386-sa,1,10559386.1,wye,7.62,25,1,0.0038195,-1,0,1.1,0.9,32
10559386-sa,2,sec_10559386.1,wye,0.24,25,1,0.0038195,-1,0,1.1,0.9,32
10558477-sc,1,10558477.3,wye,7.62,15,1,0.0038195,-1,0,1.1,0.9,32
10558477-sc,2,sec_10558477.3,wye,0.24,15,1,0.0038195,-1,0,1.1,0.9,32
10549223-sb,1,10549223.2,wye,7.62,37.5,1,0.0038195,-1,0,1.1,0.9,32
10549223-sb,2,sec_10549223.2,wye,0.24,37.5,1,0.0038195,-1,0,1.1,0.9,32
10559057-sa,1,10559057.1,wye,7.62,25,1,0.00504,-1,0,1.1,0.9,32
10559057-sa,2,sec_10559057.1,wye,0.24,25,1,0.00504,-1,0,1.1,0.9,32
10558215-sc,1,10558215.3,wye,7.62,15,1,0.0038195,-1,0,1.1,0.9,32
10558215-sc,2,sec_10558215.3,wye,0.24,15,1,0.0038195,-1,0,1.1,0.9,32
34085402-sb,1,34085402.2,wye,7.62,15,1,0.0038195,-1,0,1.1,0.9,32
34085402-sb,2,sec_34085402.2,wye,0.24,15,1,0.0038195,-1,0,1.1,0.9,32
34054962-sa,1,34054962.1,wye,7.62,50,1,0.004055,-1,0,1.1,0.9,32
34054962-sa,2,sec_34054962.1,wye,0.24,50,1,0.004055,-1,0,1.1,0.9,32
10556736-sa,1,10556736.1,wye,7.62,15,1,0.004055,-1,0,1.1,0.9,32
10556736-sa,2,sec_10556736.1,wye,0.24,15,1,0.004055,-1,0,1.1,0.9,32
10549013-sb,1,10549013.2,wye,7.62,37.5,1,0.004055,-1,0,1.1,0.9,32
10549013-sb,2,sec_10549013.2,wye,0.24,37.5,1,0.004055,-1,0,1.1,0.9,32
20456673-sc,1,20456673.3,wye,7.62,37.5,1,0.004055,-1,0,1.1,0.9,32
20456673-sc,2,sec_20456673.3,wye,0.24,37.5,1,0.004055,-1,0,1.1,0.9,32
10579196-sa,1,10579196.1,wye,7.62,15,1,0.004055,-1,0,1.1,0.9,32
10579196-sa,2,sec_10579196.1,wye,0.24,15,1,0.004055,-1,0,1.1,0.9,32
10558579-sc,1,10558579.3,wye,7.62,15,1,0.004055,-1,0,1.1,0.9,32
10558579-sc,2,sec_10558579.3,wye,0.24,15,1,0.004055,-1,0,1.1,0.9,32
10548992-sb,1,10548992.2,wye,7.62,37.5,1,0.004055,-1,0,1.1,0.9,32
10548992-sb,2,sec_10548992.2,wye,0.24,37.5,1,0.004055,-1,0,1.1,0.9,32
10545431-sa,1,10545431.1,wye,7.62,25,1,0.00504,-1,0,1.1,0.9,32
10545431-sa,2,sec_10545431.1,wye,0.24,25,1,0.00504,-1,0,1.1,0.9,32
34086805-sc,1,34086805.3,wye,7.62,15,1,0.0038195,-1,0,1.1,0.9,32
34086805-sc,2,sec_34086805.3,wye,0.24,15,1,0.0038195,-1,0,1.1,0.9,32
34085312-sa,1,34085312.1,wye,7.62,25,1,0.00504,-1,0,1.1,0.9,32
34085312-sa,2,sec_34085312.1,wye,0.24,25,1,0.00504,-1,0,1.1,0.9,32
20409718-sc,1,20409718.3,wye,7.62,15,1,0.00504,-1,0,1.1,0.9,32
20409718-sc,2,sec_20409718.3,wye,0.24,15,1,0.00504,-1,0,1.1,0.9,32
10549310-sb,1,10549310.2,wye,7.62,25,1,0.0038195,-1,0,1.1,0.9,32
10549310-sb,2,sec_10549310.2,wye,0.24,25,1,0.0038195,-1,0,1.1,0.9,32
34086797-sb,1,34086797.2,wye,7.62,25,1,0.0038195,-1,0,1.1,0.9,32
34086797-sb,2,sec_34086797.2,wye,0.24,25,1,0.0038195,-1,0,1.1,0.9,32
10573495-sc,1,10573495.3,wye,7.62,25,1,0.00504,-1,0,1.1,0.9,32
10573495-sc,2,sec_10573495.3,wye,0.24,25,1,0.00504,-1,0,1.1,0.9,32
10549293-sa,1,10549293.1,wye,7.62,25,1,0.0038195,-1,0,1.1,0.9,32
10549293-sa,2,sec_10549293.1,wye,0.24,25,1,0.0038195,-1,0,1.1,0.9,32
10548977-sa,1,10548977.1,wye,7.62,15,1,0.0038195,-1,0,1.1,0.9,32
10548977-sa,2,sec_10548977.1,wye,0.24,15,1,0.0038195,-1,0,1.1,0.9,32
34085044-sb,1,34085044.2,wye,7.62,15,1,0.0038195,-1,0,1.1,0.9,32
34085044-sb,2,sec_34085044.2,wye,0.24,15,1,0.0038195,-1,0,1.1,0.9,32
10571603-sa,1,10571603.1,wye,7.62,50,1,0.004055,-1,0,1.1,0.9,32
10571603-sa,2,sec_10571603.1,wye,0.24,50,1,0.004055,-1,0,1.1,0.9,32
10549287-sb,1,10549287.2,wye,7.62,25,1,0.00504,-1,0,1.1,0.9,32
10549287-sb,2,sec_10549287.2,wye,0.24,25,1,0.00504,-1,0,1.1,0.9,32
10548962-sb,1,10548962.2,wye,7.62,25,1,0.00504,-1,0,1.1,0.9,32
10548962-sb,2,sec_10548962.2,wye,0.24,25,1,0.00504,-1,0,1.1,0.9,32
10529606-sa,1,10529606.1,wye,7.62,15,1,0.0038195,-1,0,1.1,0.9,32
10529606-sa,2,sec_10529606.1,wye,0.24,15,1,0.0038195,-1,0,1.1,0.9,32
34097394-sa,1,34097394.1,wye,7.62,25,1,0.00504,-1,0,1.1,0.9,32
34097394-sa,2,sec_34097394.1,wye,0.24,25,1,0.00504,-1,0,1.1,0.9,32
34086384-sc,1,34086384.3,wye,7.62,15,1,0.00504,-1,0,1.1,0.9,32
34086384-sc,2,sec_34086384.3,wye,0.24,15,1,0.00504,-1,0,1.1,0.9,32
10560401-sb,1,10560401.2,wye,7.62,15,1,0.00504,-1,0,1.1,0.9,32
10560401-sb,2,sec_10560401.2,wye,0.24,15,1,0.00504,-1,0,1.1,0.9,32
10558553-sa,1,10558553.1,wye,7.62,37.5,1,0.00504,-1,0,1.1,0.9,32
10558553-sa,2,sec_10558553.1,wye,0.24,37.5,1,0.00504,-1,0,1.1,0.9,32
10549278-sa,1,10549278.1,wye,7.62,15,1,0.00504,-1,0,1.1,0.9,32
10549278-sa,2,sec_10549278.1,wye,0.24,15,1,0.00504,-1,0,1.1,0.9,32
10548954-sc,1,10548954.3,wye,7.62,15,1,0.00504,-1,0,1.1,0.9,32
10548954-sc,2,sec_10548954.3,wye,0.24,15,1,0.00504,-1,0,1.1,0.9,32
34084956-sb,1,34084956.2,wye,7.62,15,1,0.00504,-1,0,1.1,0.9,32
34084956-sb,2,sec_34084956.2,wye,0.24,15,1,0.00504,-1,0,1.1,0.9,32
10559783-sb,1,10559783.2,wye,7.62,25,1,0.00504,-1,0,1.1,0.9,32
10559783-sb,2,sec_10559783.2,wye,0.24,25,1,0.00504,-1,0,1.1,0.9,32
10558547-sc,1,10558547.3,wye,7.62,75,1,0.003789,-1,0,1.1,0.9,32
10558547-sc,2,sec_10558547.3,wye,0.24,75,1,0.003789,-1,0,1.1,0.9,32
10548948-sb,1,10548948.2,wye,7.62,25,1,0.00504,-1,0,1.1,0.9,32
10548948-sb,2,sec_10548948.2,wye,0.24,25,1,0.00504,-1,0,1.1,0.9,32
10522508-sb,1,10522508.2,wye,7.62,25,1,0.00504,-1,0,1.1,0.9,32
10522508-sb,2,sec_10522508.2,wye,0.24,25,1,0.00504,-1,0,1.1,0.9,32
34095667-sc,1,34095667.3,wye,7.62,25,1,0.0038195,-1,0,1.1,0.9,32
34095667-sc,2,sec_34095667.3,wye,0.24,25,1,0.0038195,-1,0,1.1,0.9,32
34084666-sb,1,34084666.2,wye,7.62,25,1,0.0038195,-1,0,1.1,0.9,32
34084666-sb,2,sec_34084666.2,wye,0.24,25,1,0.0038195,-1,0,1.1,0.9,32
10559589-sc,1,10559589.3,wye,7.62,25,1,0.00504,-1,0,1.1,0.9,32
10559589-sc,2,sec_10559589.3,wye,0.24,25,1,0.00504,-1,0,1.1,0.9,32
10549259-sc,1,10549259.3,wye,7.62,15,1,0.00504,-1,0,1.1,0.9,32
10549259-sc,2,sec_10549259.3,wye,0.24,15,1,0.00504,-1,0,1.1,0.9,32
34084616-sa,1,34084616.1,wye,7.62,50,1,0.00369,-1,0,1.1,0.9,32
34084616-sa,2,sec_34084616.1,wye,0.24,50,1,0.00369,-1,0,1.1,0.9,32
10559558-sa,1,10559558.1,wye,7.62,50,1,0.00369,-1,0,1.1,0.9,32
10559558-sa,2,sec_10559558.1,wye,0.24,50,1,0.00369,-1,0,1.1,0.9,32
10549250-sa,1,10549250.1,wye,7.62,25,1,0.0038195,-1,0,1.1,0.9,32
10549250-sa,2,sec_10549250.1,wye,0.24,25,1,0.0038195,-1,0,1.1,0.9,32
34095651-sa,1,34095651.1,wye,7.62,10,1,0.005765,-1,0,1.1,0.9,32
34095651-sa,2,sec_34095651.1,wye,0.24,10,1,0.005765,-1,0,1.1,0.9,32
10559451-sa,1,10559451.1,wye,7.62,15,1,0.00511,-1,0,1.1,0.9,32
10559451-sa,2,sec_10559451.1,wye,0.24,15,1,0.00511,-1,0,1.1,0.9,32
34054992-sa,1,34054992.1,wye,7.62,50,1,0.004055,-1,0,1.1,0.9,32
34054992-sa,2,sec_34054992.1,wye,0.24,50,1,0.004055,-1,0,1.1,0.9,32
10579847-sb,1,10579847.2,wye,7.62,15,1,0.004055,-1,0,1.1,0.9,32
10579847-sb,2,sec_10579847.2,wye,0.24,15,1,0.004055,-1,0,1.1,0.9,32
10559394-sa,1,10559394.1,wye,7.62,25,1,0.0038195,-1,0,1.1,0.9,32
10559394-sa,2,sec_10559394.1,wye,0.24,25,1,0.0038195,-1,0,1.1,0.9,32
34095580-sb,1,34095580.2,wye,7.62,15,1,0.0038195,-1,0,1.1,0.9,32
34095580-sb,2,sec_34095580.2,wye,0.24,15,1,0.0038195,-1,0,1.1,0.9,32
34085951-sc,1,34085951.3,wye,7.62,25,1,0.00504,-1,0,1.1,0.9,32
34085951-sc,2,sec_34085951.3,wye,0.24,25,1,0.00504,-1,0,1.1,0.9,32
34054975-sb,1,34054975.2,wye,7.62,25,1,0.0038195,-1,0,1.1,0.9,32
34054975-sb,2,sec_34054975.2,wye,0.24,25,1,0.0038195,-1,0,1.1,0.9,32
10579840-sc,1,10579840.3,wye,7.62,25,1,0.0038195,-1,0,1.1,0.9,32
10579840-sc,2,sec_10579840.3,wye,0.24,25,1,0.0038195,-1,0,1.1,0.9,32
10559387-sa,1,10559387.1,wye,7.62,15,1,0.00504,-1,0,1.1,0.9,32
10559387-sa,2,sec_10559387.1,wye,0.24,15,1,0.00504,-1,0,1.1,0.9,32
34092154-sa,1,34092154.1,wye,7.62,15,1,0.00504,-1,0,1.1,0.9,32
34092154-sa,2,sec_34092154.1,wye,0.24,15,1,0.00504,-1,0,1.1,0.9,32
10559090-sa,1,10559090.1,wye,7.62,37.5,1,0.00504,-1,0,1.1,0.9,32
10559090-sa,2,sec_10559090.1,wye,0.24,37.5,1,0.00504,-1,0,1.1,0.9,32
10548910-sb,1,10548910.2,wye,7.62,25,1,0.00504,-1,0,1.1,0.9,32
10548910-sb,2,sec_10548910.2,wye,0.24,25,1,0.00504,-1,0,1.1,0.9,32
34085442-sa,1,34085442.1,wye,7.62,37.5,1,0.0038195,-1,0,1.1,0.9,32
34085442-sa,2,sec_34085442.1,wye,0.24,37.5,1,0.0038195,-1,0,1.1,0.9,32
10579829-sc,1,10579829.3,wye,7.62,15,1,0.0038195,-1,0,1.1,0.9,32
10579829-sc,2,sec_10579829.3,wye,0.24,15,1,0.0038195,-1,0,1.1,0.9,32
10558586-sa,1,10558586.1,wye,7.62,37.5,1,0.0038195,-1,0,1.1,0.9,32
10558586-sa,2,sec_10558586.1,wye,0.24,37.5,1,0.0038195,-1,0,1.1,0.9,32
10549015-sb,1,10549015.2,wye,7.62,15,1,0.0038195,-1,0,1.1,0.9,32
10549015-sb,2,sec_10549015.2,wye,0.24,15,1,0.0038195,-1,0,1.1,0.9,32
34085352-sb,1,34085352.2,wye,7.62,15,1,0.0038195,-1,0,1.1,0.9,32
34085352-sb,2,sec_34085352.2,wye,0.24,15,1,0.0038195,-1,0,1.1,0.9,32
20456674-sc,1,20456674.3,wye,7.62,15,1,0.0038195,-1,0,1.1,0.9,32
20456674-sc,2,sec_20456674.3,wye,0.24,15,1,0.0038195,-1,0,1.1,0.9,32
10579231-sa,1,10579231.1,wye,7.62,15,1,0.0038195,-1,0,1.1,0.9,32
10579231-sa,2,sec_10579231.1,wye,0.24,15,1,0.0038195,-1,0,1.1,0.9,32
10558580-sc,1,10558580.3,wye,7.62,15,1,0.0038195,-1,0,1.1,0.9,32
10558580-sc,2,sec_10558580.3,wye,0.24,15,1,0.0038195,-1,0,1.1,0.9,32
10552942-sa,1,10552942.1,wye,7.62,15,1,0.0038195,-1,0,1.1,0.9,32
10552942-sa,2,sec_10552942.1,wye,0.24,15,1,0.0038195,-1,0,1.1,0.9,32
10545502-sa,1,10545502.1,wye,7.62,50,1,0.00369,-1,0,1.1,0.9,32
10545502-sa,2,sec_10545502.1,wye,0.24,50,1,0.00369,-1,0,1.1,0.9,32
34086806-sc,1,34086806.3,wye,7.62,25,1,0.00504,-1,0,1.1,0.9,32
34086806-sc,2,sec_34086806.3,wye,0.24,25,1,0.00504,-1,0,1.1,0.9,32
10558573-sc,1,10558573.3,wye,7.62,50,1,0.004055,-1,0,1.1,0.9,32
10558573-sc,2,sec_10558573.3,wye,0.24,50,1,0.004055,-1,0,1.1,0.9,32
10548985-sa,1,10548985.1,wye,7.62,15,1,0.00369,-1,0,1.1,0.9,32
10548985-sa,2,sec_10548985.1,wye,0.24,15,1,0.00369,-1,0,1.1,0.9,32
40156536-sa,1,40156536.1,wye,7.62,25,1,0.0038195,-1,0,1.1,0.9,32
40156536-sa,2,sec_40156536.1,wye,0.24,25,1,0.0038195,-1,0,1.1,0.9,32
34085262-sb,1,34085262.2,wye,7.62,37.5,1,0.0038195,-1,0,1.1,0.9,32
34085262-sb,2,sec_34085262.2,wye,0.24,37.5,1,0.0038195,-1,0,1.1,0.9,32
10549294-sc,1,10549294.3,wye,7.62,37.5,1,0.0038195,-1,0,1.1,0.9,32
10549294-sc,2,sec_10549294.3,wye,0.24,37.5,1,0.0038195,-1,0,1.1,0.9,32
10548979-sa,1,10548979.1,wye,7.62,38,1,0.004155,-1,0,1.1,0.9,32
10548979-sa,2,sec_10548979.1,wye,0.24,38,1,0.004155,-1,0,1.1,0.9,32
10540312-sabc,1,10540312,wye,13.2,500,1,0.003165,-1,0,1.1,0.9,32
10540312-sabc,2,sec_10540312,wye,0.48,500,1,0.003165,-1,0,1.1,0.9,32
34086410-sb,1,34086410.2,wye,7.62,15,1,0.0036185,-1,0,1.1,0.9,32
34086410-sb,2,sec_34086410.2,wye,0.24,15,1,0.0036185,-1,0,1.1,0.9,32
34085045-sb,1,34085045.2,wye,7.62,10,1,0.00511,-1,0,1.1,0.9,32
34085045-sb,2,sec_34085045.2,wye,0.24,10,1,0.00511,-1,0,1.1,0.9,32
10529607-sa,1,10529607.1,wye,7.62,15,1,0.00511,-1,0,1.1,0.9,32
10529607-sa,2,sec_10529607.1,wye,0.24,15,1,0.00511,-1,0,1.1,0.9,32
34097395-sa,1,34097395.1,wye,7.62,25,1,0.0038195,-1,0,1.1,0.9,32
34097395-sa,2,sec_34097395.1,wye,0.24,25,1,0.0038195,-1,0,1.1,0.9,32
34086400-sc,1,34086400.3,wye,7.62,15,1,0.0038195,-1,0,1.1,0.9,32
34086400-sc,2,sec_34086400.3,wye,0.24,15,1,0.0038195,-1,0,1.1,0.9,32
10560402-sb,1,10560402.2,wye,7.62,15,1,0.0038195,-1,0,1.1,0.9,32
10560402-sb,2,sec_10560402.2,wye,0.24,15,1,0.0038195,-1,0,1.1,0.9,32
34096668-sa,1,34096668.1,wye,7.62,15,1,0.0038195,-1,0,1.1,0.9,32
34096668-sa,2,sec_34096668.1,wye,0.24,15,1,0.0038195,-1,0,1.1,0.9,32
34084957-sa,1,34084957.1,wye,7.62,15,1,0.0038195,-1,0,1.1,0.9,32
34084957-sa,2,sec_34084957.1,wye,0.24,15,1,0.0038195,-1,0,1.1,0.9,32
20114730-sabc,1,20114730,wye,13.2,300,1,0.003575,-1,0,1.1,0.9,32
20114730-sabc,2,sec_20114730,wye,0.48,300,1,0.003575,-1,0,1.1,0.9,32
10559784-sb,1,10559784.2,wye,7.62,50,1,0.004055,-1,0,1.1,0.9,32
10559784-sb,2,sec_10559784.2,wye,0.24,50,1,0.004055,-1,0,1.1,0.9,32
10549266-sb,1,10549266.2,wye,7.62,15,1,0.004055,-1,0,1.1,0.9,32
10549266-sb,2,sec_10549266.2,wye,0.24,15,1,0.004055,-1,0,1.1,0.9,32
34095668-sb,1,34095668.2,wye,7.62,25,1,0.00504,-1,0,1.1,0.9,32
34095668-sb,2,sec_34095668.2,wye,0.24,25,1,0.00504,-1,0,1.1,0.9,32
34086309-sa,1,34086309.1,wye,7.62,15,1,0.0038195,-1,0,1.1,0.9,32
34086309-sa,2,sec_34086309.1,wye,0.24,15,1,0.0038195,-1,0,1.1,0.9,32
34086303-sc,1,34086303.3,wye,7.62,15,1,0.0038195,-1,0,1.1,0.9,32
34086303-sc,2,sec_34086303.3,wye,0.24,15,1,0.0038195,-1,0,1.1,0.9,32
34084661-sb,1,34084661.2,wye,7.62,50,1,0.004055,-1,0,1.1,0.9,32
34084661-sb,2,sec_34084661.2,wye,0.24,50,1,0.004055,-1,0,1.1,0.9,32
34095654-sb,1,34095654.2,wye,7.62,37.5,1,0.00369,-1,0,1.1,0.9,32
34095654-sb,2,sec_34095654.2,wye,0.24,37.5,1,0.00369,-1,0,1.1,0.9,32
34086019-sa,1,34086019.1,wye,7.62,15,1,0.00369,-1,0,1.1,0.9,32
34086019-sa,2,sec_34086019.1,wye,0.24,15,1,0.00369,-1,0,1.1,0.9,32
34084591-sb,1,34084591.2,wye,7.62,26,1,0.00369,-1,0,1.1,0.9,32
34084591-sb,2,sec_34084591.2,wye,0.24,26,1,0.00369,-1,0,1.1,0.9,32
10559487-sa,1,10559487.1,wye,7.62,25,1,0.00504,-1,0,1.1,0.9,32
10559487-sa,2,sec_10559487.1,wye,0.24,25,1,0.00504,-1,0,1.1,0.9,32
10549245-sb,1,10549245.2,wye,7.62,25,1,0.0038195,-1,0,1.1,0.9,32
10549245-sb,2,sec_10549245.2,wye,0.24,25,1,0.0038195,-1,0,1.1,0.9,32
34095643-sa,1,34095643.1,wye,7.62,15,1,0.00504,-1,0,1.1,0.9,32
34095643-sa,2,sec_34095643.1,wye,0.24,15,1,0.00504,-1,0,1.1,0.9,32
34055522-sa,1,34055522.1,wye,7.62,50,1,0.004055,-1,0,1.1,0.9,32
34055522-sa,2,sec_34055522.1,wye,0.24,50,1,0.004055,-1,0,1.1,0.9,32
10559396-sa,1,10559396.1,wye,7.62,25,1,0.00504,-1,0,1.1,0.9,32
10559396-sa,2,sec_10559396.1,wye,0.24,25,1,0.00504,-1,0,1.1,0.9,32
10558507-sabc,1,10558507,wye,13.2,150,1,0.00369,-1,0,1.1,0.9,32
10558507-sabc,2,sec_10558507,wye,0.48,150,1,0.00369,-1,0,1.1,0.9,32
10549232-sb,1,10549232.2,wye,7.62,15,1,0.00369,-1,0,1.1,0.9,32
10549232-sb,2,sec_10549232.2,wye,0.24,15,1,0.00369,-1,0,1.1,0.9,32
34095581-sb,1,34095581.2,wye,7.62,25,1,0.00504,-1,0,1.1,0.9,32
34095581-sb,2,sec_34095581.2,wye,0.24,25,1,0.00504,-1,0,1.1,0.9,32
34085952-sc,1,34085952.3,wye,7.62,25,1,0.00504,-1,0,1.1,0.9,32
34085952-sc,2,sec_34085952.3,wye,0.24,25,1,0.00504,-1,0,1.1,0.9,32
34054976-sa,1,34054976.1,wye,7.62,50,1,0.004055,-1,0,1.1,0.9,32
34054976-sa,2,sec_34054976.1,wye,0.24,50,1,0.004055,-1,0,1.1,0.9,32
10559389-sa,1,10559389.1,wye,7.62,15,1,0.00369,-1,0,1.1,0.9,32
10559389-sa,2,sec_10559389.1,wye,0.24,15,1,0.00369,-1,0,1.1,0.9,32
10558481-sa,1,10558481.1,wye,7.62,25,1,0.0038195,-1,0,1.1,0.9,32
10558481-sa,2,sec_10558481.1,wye,0.24,25,1,0.0038195,-1,0,1.1,0.9,32
34092234-sc,1,34092234.3,wye,7.62,5,1,0.0038195,-1,0,1.1,0.9,32
34092234-sc,2,sec_34092234.3,wye,0.24,5,1,0.0038195,-1,0,1.1,0.9,32
34085489-sc,1,34085489.3,wye,7.62,15,1,0.0038195,-1,0,1.1,0.9,32
34085489-sc,2,sec_34085489.3,wye,0.24,15,1,0.0038195,-1,0,1.1,0.9,32
10579830-sc,1,10579830.3,wye,7.62,15,1,0.0038195,-1,0,1.1,0.9,32
10579830-sc,2,sec_10579830.3,wye,0.24,15,1,0.0038195,-1,0,1.1,0.9,32
10558471-sc,1,10558471.3,wye,7.62,15,1,0.0038195,-1,0,1.1,0.9,32
10558471-sc,2,sec_10558471.3,wye,0.24,15,1,0.0038195,-1,0,1.1,0.9,32
10548911-sa,1,10548911.1,wye,7.62,50,1,0.00369,-1,0,1.1,0.9,32
10548911-sa,2,sec_10548911.1,wye,0.24,50,1,0.00369,-1,0,1.1,0.9,32
34090086-sc,1,34090086.3,wye,7.62,37.5,1,0.00369,-1,0,1.1,0.9,32
34090086-sc,2,sec_34090086.3,wye,0.24,37.5,1,0.00369,-1,0,1.1,0.9,32
34090003-sc,1,34090003.3,wye,7.62,15,1,0.00369,-1,0,1.1,0.9,32
34090003-sc,2,sec_34090003.3,wye,0.24,15,1,0.00369,-1,0,1.1,0.9,32
20494025-sc,1,20494025.3,wye,7.62,25,1,0.0038195,-1,0,1.1,0.9,32
20494025-sc,2,sec_20494025.3,wye,0.24,25,1,0.0038195,-1,0,1.1,0.9,32
10579234-sa,1,10579234.1,wye,7.62,15,1,0.0038195,-1,0,1.1,0.9,32
10579234-sa,2,sec_10579234.1,wye,0.24,15,1,0.0038195,-1,0,1.1,0.9,32
10558581-sc,1,10558581.3,wye,7.62,15,1,0.0038195,-1,0,1.1,0.9,32
10558581-sc,2,sec_10558581.3,wye,0.24,15,1,0.0038195,-1,0,1.1,0.9,32
10548994-sc,1,10548994.3,wye,7.62,15,1,0.0038195,-1,0,1.1,0.9,32
10548994-sc,2,sec_10548994.3,wye,0.24,15,1,0.0038195,-1,0,1.1,0.9,32
10545682-sa,1,10545682.1,wye,7.62,25,1,0.0038195,-1,0,1.1,0.9,32
10545682-sa,2,sec_10545682.1,wye,0.24,25,1,0.0038195,-1,0,1.1,0.9,32
34085321-sa,1,34085321.1,wye,7.62,25,1,0.0038195,-1,0,1.1,0.9,32
34085321-sa,2,sec_34085321.1,wye,0.24,25,1,0.0038195,-1,0,1.1,0.9,32
10558575-sc,1,10558575.3,wye,7.62,15,1,0.00504,-1,0,1.1,0.9,32
10558575-sc,2,sec_10558575.3,wye,0.24,15,1,0.00504,-1,0,1.1,0.9,32
10549312-sb,1,10549312.2,wye,7.62,15,1,0.00504,-1,0,1.1,0.9,32
10549312-sb,2,sec_10549312.2,wye,0.24,15,1,0.00504,-1,0,1.1,0.9,32
10548986-sa,1,10548986.1,wye,7.62,37.5,1,0.00504,-1,0,1.1,0.9,32
10548986-sa,2,sec_10548986.1,wye,0.24,37.5,1,0.00504,-1,0,1.1,0.9,32
10542412-sa,1,10542412.1,wye,7.62,15,1,0.00504,-1,0,1.1,0.9,32
10542412-sa,2,sec_10542412.1,wye,0.24,15,1,0.00504,-1,0,1.1,0.9,32
34085263-sb,1,34085263.2,wye,7.62,25,1,0.0038195,-1,0,1.1,0.9,32
34085263-sb,2,sec_34085263.2,wye,0.24,25,1,0.0038195,-1,0,1.1,0.9,32
20396677-sabc,1,20396677,wye,13.2,300,1,0.0036185,-1,0,1.1,0.9,32
20396677-sabc,2,sec_20396677,wye,0.48,300,1,0.0036185,-1,0,1.1,0.9,32
34085046-sb,1,34085046.2,wye,7.62,15,1,0.0036185,-1,0,1.1,0.9,32
34085046-sb,2,sec_34085046.2,wye,0.24,15,1,0.0036185,-1,0,1.1,0.9,32
10558562-sc,1,10558562.3,wye,7.62,25,1,0.0038195,-1,0,1.1,0.9,32
10558562-sc,2,sec_10558562.3,wye,0.24,25,1,0.0038195,-1,0,1.1,0.9,32
10549289-sc,1,10549289.3,wye,7.62,15,1,0.0038195,-1,0,1.1,0.9,32
10549289-sc,2,sec_10549289.3,wye,0.24,15,1,0.0038195,-1,0,1.1,0.9,32
10548965-sabc,1,10548965,wye,13.2,75,1,0.0038195,-1,0,1.1,0.9,32
10548965-sabc,2,sec_10548965,wye,0.48,75,1,0.0038195,-1,0,1.1,0.9,32
10529608-sa,1,10529608.1,wye,7.62,15,1,0.0038195,-1,0,1.1,0.9,32
10529608-sa,2,sec_10529608.1,wye,0.24,15,1,0.0038195,-1,0,1.1,0.9,32
34097396-sc,1,34097396.3,wye,7.62,25,1,0.0038195,-1,0,1.1,0.9,32
34097396-sc,2,sec_34097396.3,wye,0.24,25,1,0.0038195,-1,0,1.1,0.9,32
34086401-sc,1,34086401.3,wye,7.62,15,1,0.00504,-1,0,1.1,0.9,32
34086401-sc,2,sec_34086401.3,wye,0.24,15,1,0.00504,-1,0,1.1,0.9,32
34085040-sa,1,34085040.1,wye,7.62,25,1,0.00504,-1,0,1.1,0.9,32
34085040-sa,2,sec_34085040.1,wye,0.24,25,1,0.00504,-1,0,1.1,0.9,32
20344331-sc,1,20344331.3,wye,7.62,25,1,0.00504,-1,0,1.1,0.9,32
20344331-sc,2,sec_20344331.3,wye,0.24,25,1,0.00504,-1,0,1.1,0.9,32
10548956-sc,1,10548956.3,wye,7.62,25,1,0.00504,-1,0,1.1,0.9,32
10548956-sc,2,sec_10548956.3,wye,0.24,25,1,0.00504,-1,0,1.1,0.9,32
10525295-sc,1,10525295.3,wye,7.62,25,1,0.00504,-1,0,1.1,0.9,32
10525295-sc,2,sec_10525295.3,wye,0.24,25,1,0.00504,-1,0,1.1,0.9,32
34086324-sc,1,34086324.3,wye,7.62,25,1,0.00504,-1,0,1.1,0.9,32
34086324-sc,2,sec_34086324.3,wye,0.24,25,1,0.00504,-1,0,1.1,0.9,32
20122385-sc,1,20122385.3,wye,7.62,25,1,0.00504,-1,0,1.1,0.9,32
20122385-sc,2,sec_20122385.3,wye,0.24,25,1,0.00504,-1,0,1.1,0.9,32
10549269-sc,1,10549269.3,wye,7.62,15,1,0.00504,-1,0,1.1,0.9,32
10549269-sc,2,sec_10549269.3,wye,0.24,15,1,0.00504,-1,0,1.1,0.9,32
10548950-sb,1,10548950.2,wye,7.62,15,1,0.00504,-1,0,1.1,0.9,32
10548950-sb,2,sec_10548950.2,wye,0.24,15,1,0.00504,-1,0,1.1,0.9,32
10523032-sc,1,10523032.3,wye,7.62,15,1,0.00504,-1,0,1.1,0.9,32
10523032-sc,2,sec_10523032.3,wye,0.24,15,1,0.00504,-1,0,1.1,0.9,32
34086310-sa,1,34086310.1,wye,7.62,15,1,0.00504,-1,0,1.1,0.9,32
34086310-sa,2,sec_34086310.1,wye,0.24,15,1,0.00504,-1,0,1.1,0.9,32
34084952-sa,1,34084952.1,wye,7.62,50,1,0.00369,-1,0,1.1,0.9,32
34084952-sa,2,sec_34084952.1,wye,0.24,50,1,0.00369,-1,0,1.1,0.9,32
20028685-sb,1,20028685.2,wye,7.62,25,1,0.0038195,-1,0,1.1,0.9,32
20028685-sb,2,sec_20028685.2,wye,0.24,25,1,0.0038195,-1,0,1.1,0.9,32
10559591-sb,1,10559591.2,wye,7.62,15,1,0.0038195,-1,0,1.1,0.9,32
10559591-sb,2,sec_10559591.2,wye,0.24,15,1,0.0038195,-1,0,1.1,0.9,32
10549261-sc,1,10549261.3,wye,7.62,25,1,0.00504,-1,0,1.1,0.9,32
10549261-sc,2,sec_10549261.3,wye,0.24,25,1,0.00504,-1,0,1.1,0.9,32
10558523-sb,1,10558523.2,wye,7.62,15,1,0.00504,-1,0,1.1,0.9,32
10558523-sb,2,sec_10558523.2,wye,0.24,15,1,0.00504,-1,0,1.1,0.9,32
10548938-sc,1,10548938.3,wye,7.62,37.5,1,0.00504,-1,0,1.1,0.9,32
10548938-sc,2,sec_10548938.3,wye,0.24,37.5,1,0.00504,-1,0,1.1,0.9,32
34095655-sc,1,34095655.3,wye,7.62,25,1,0.0038195,-1,0,1.1,0.9,32
34095655-sc,2,sec_34095655.3,wye,0.24,25,1,0.0038195,-1,0,1.1,0.9,32
10548931-sa,1,10548931.1,wye,7.62,25,1,0.0038195,-1,0,1.1,0.9,32
10548931-sa,2,sec_10548931.1,wye,0.24,25,1,0.0038195,-1,0,1.1,0.9,32
34057718-sa,1,34057718.1,wye,7.62,50,1,0.004055,-1,0,1.1,0.9,32
34057718-sa,2,sec_34057718.1,wye,0.24,50,1,0.004055,-1,0,1.1,0.9,32
10559398-sa,1,10559398.1,wye,7.62,25,1,0.00504,-1,0,1.1,0.9,32
10559398-sa,2,sec_10559398.1,wye,0.24,25,1,0.00504,-1,0,1.1,0.9,32
10558509-sb,1,10558509.2,wye,7.62,15,1,0.00504,-1,0,1.1,0.9,32
10558509-sb,2,sec_10558509.2,wye,0.24,15,1,0.00504,-1,0,1.1,0.9,32
10549239-sb,1,10549239.2,wye,7.62,15,1,0.00504,-1,0,1.1,0.9,32
10549239-sb,2,sec_10549239.2,wye,0.24,15,1,0.00504,-1,0,1.1,0.9,32
34095588-sa,1,34095588.1,wye,7.62,37.5,1,0.00504,-1,0,1.1,0.9,32
34095588-sa,2,sec_34095588.1,wye,0.24,37.5,1,0.00504,-1,0,1.1,0.9,32
34085953-sc,1,34085953.3,wye,7.62,25,1,0.00504,-1,0,1.1,0.9,32
34085953-sc,2,sec_34085953.3,wye,0.24,25,1,0.00504,-1,0,1.1,0.9,32
10559390-sa,1,10559390.1,wye,7.62,25,1,0.00504,-1,0,1.1,0.9,32
10559390-sa,2,sec_10559390.1,wye,0.24,25,1,0.00504,-1,0,1.1,0.9,32
10549226-sc,1,10549226.3,wye,7.62,25,1,0.00504,-1,0,1.1,0.9,32
10549226-sc,2,sec_10549226.3,wye,0.24,25,1,0.00504,-1,0,1.1,0.9,32
34085490-sc,1,34085490.3,wye,7.62,37.5,1,0.0038195,-1,0,1.1,0.9,32
34085490-sc,2,sec_34085490.3,wye,0.24,37.5,1,0.0038195,-1,0,1.1,0.9,32
34054971-sc,1,34054971.3,wye,7.62,50,1,0.004055,-1,0,1.1,0.9,32
34054971-sc,2,sec_34054971.3,wye,0.24,50,1,0.004055,-1,0,1.1,0.9,32
10579831-sb,1,10579831.2,wye,7.62,25,1,0.00504,-1,0,1.1,0.9,32
10579831-sb,2,sec_10579831.2,wye,0.24,25,1,0.00504,-1,0,1.1,0.9,32
34090753-sa,1,34090753.1,wye,7.62,15,1,0.00504,-1,0,1.1,0.9,32
34090753-sa,2,sec_34090753.1,wye,0.24,15,1,0.00504,-1,0,1.1,0.9,32
34085462-sb,1,34085462.2,wye,7.62,15,1,0.00504,-1,0,1.1,0.9,32
34085462-sb,2,sec_34085462.2,wye,0.24,15,1,0.00504,-1,0,1.1,0.9,32
34054965-sb,1,34054965.2,wye,7.62,50,1,0.00369,-1,0,1.1,0.9,32
34054965-sb,2,sec_34054965.2,wye,0.24,50,1,0.00369,-1,0,1.1,0.9,32
10558646-sb,1,10558646.2,wye,7.62,25,1,0.00504,-1,0,1.1,0.9,32
10558646-sb,2,sec_10558646.2,wye,0.24,25,1,0.00504,-1,0,1.1,0.9,32
10556739-sa,1,10556739.1,wye,7.62,25,1,0.0038195,-1,0,1.1,0.9,32
10556739-sa,2,sec_10556739.1,wye,0.24,25,1,0.0038195,-1,0,1.1,0.9,32
10549018-sc,1,10549018.3,wye,7.62,25,1,0.0038195,-1,0,1.1,0.9,32
10549018-sc,2,sec_10549018.3,wye,0.24,25,1,0.0038195,-1,0,1.1,0.9,32
34090004-sabc,1,34090004,wye,13.2,45,1,0.00504,-1,0,1.1,0.9,32
34090004-sabc,2,sec_34090004,wye,0.48,45,1,0.00504,-1,0,1.1,0.9,32
34085371-sb,1,34085371.2,wye,7.62,50,1,0.004055,-1,0,1.1,0.9,32
34085371-sb,2,sec_34085371.2,wye,0.24,50,1,0.004055,-1,0,1.1,0.9,32
20494026-sc,1,20494026.3,wye,7.62,15,1,0.004055,-1,0,1.1,0.9,32
20494026-sc,2,sec_20494026.3,wye,0.24,15,1,0.004055,-1,0,1.1,0.9,32
10579373-sa,1,10579373.1,wye,7.62,15,1,0.004055,-1,0,1.1,0.9,32
10579373-sa,2,sec_10579373.1,wye,0.24,15,1,0.004055,-1,0,1.1,0.9,32
10558582-sc,1,10558582.3,wye,7.62,37.5,1,0.004055,-1,0,1.1,0.9,32
10558582-sc,2,sec_10558582.3,wye,0.24,37.5,1,0.004055,-1,0,1.1,0.9,32
34087254-sc,1,34087254.3,wye,7.62,25,1,0.0038195,-1,0,1.1,0.9,32
34087254-sc,2,sec_34087254.3,wye,0.24,25,1,0.0038195,-1,0,1.1,0.9,32
34085340-sc,1,34085340.3,wye,7.62,37.5,1,0.0038195,-1,0,1.1,0.9,32
34085340-sc,2,sec_34085340.3,wye,0.24,37.5,1,0.0038195,-1,0,1.1,0.9,32
20416460-sa,1,20416460.1,wye,7.62,50,1,0.004055,-1,0,1.1,0.9,32
20416460-sa,2,sec_20416460.1,wye,0.24,50,1,0.004055,-1,0,1.1,0.9,32
10558576-sc,1,10558576.3,wye,7.62,15,1,0.004055,-1,0,1.1,0.9,32
10558576-sc,2,sec_10558576.3,wye,0.24,15,1,0.004055,-1,0,1.1,0.9,32
10549313-sb,1,10549313.2,wye,7.62,15,1,0.004055,-1,0,1.1,0.9,32
10549313-sb,2,sec_10549313.2,wye,0.24,15,1,0.004055,-1,0,1.1,0.9,32
34086800-sc,1,34086800.3,wye,7.62,25,1,0.00504,-1,0,1.1,0.9,32
34086800-sc,2,sec_34086800.3,wye,0.24,25,1,0.00504,-1,0,1.1,0.9,32
34085264-sb,1,34085264.2,wye,7.62,25,1,0.0038195,-1,0,1.1,0.9,32
34085264-sb,2,sec_34085264.2,wye,0.24,25,1,0.0038195,-1,0,1.1,0.9,32
10548981-sa,1,10548981.1,wye,7.62,25,1,0.0038195,-1,0,1.1,0.9,32
10548981-sa,2,sec_10548981.1,wye,0.24,25,1,0.0038195,-1,0,1.1,0.9,32
10540314-sabc,1,10540314,wye,13.2,500,1,0.0038195,-1,0,1.1,0.9,32
10540314-sabc,2,sec_10540314,wye,0.48,500,1,0.0038195,-1,0,1.1,0.9,32
34086415-sc,1,34086415.3,wye,7.62,15,1,0.0038195,-1,0,1.1,0.9,32
34086415-sc,2,sec_34086415.3,wye,0.24,15,1,0.0038195,-1,0,1.1,0.9,32
34085047-sc,1,34085047.3,wye,7.62,15,1,0.0038195,-1,0,1.1,0.9,32
34085047-sc,2,sec_34085047.3,wye,0.24,15,1,0.0038195,-1,0,1.1,0.9,32
20344372-sb,1,20344372.2,wye,7.62,25,1,0.00504,-1,0,1.1,0.9,32
20344372-sb,2,sec_20344372.2,wye,0.24,25,1,0.00504,-1,0,1.1,0.9,32
10573328-sc,1,10573328.3,wye,7.62,15,1,0.00504,-1,0,1.1,0.9,32
10573328-sc,2,sec_10573328.3,wye,0.24,15,1,0.00504,-1,0,1.1,0.9,32
10549290-sb,1,10549290.2,wye,7.62,37.5,1,0.00504,-1,0,1.1,0.9,32
10549290-sb,2,sec_10549290.2,wye,0.24,37.5,1,0.00504,-1,0,1.1,0.9,32
34086402-sa,1,34086402.1,wye,7.62,15,1,0.00504,-1,0,1.1,0.9,32
34086402-sa,2,sec_34086402.1,wye,0.24,15,1,0.00504,-1,0,1.1,0.9,32
34085041-sa,1,34085041.1,wye,7.62,25,1,0.00504,-1,0,1.1,0.9,32
34085041-sa,2,sec_34085041.1,wye,0.24,25,1,0.00504,-1,0,1.1,0.9,32
20344332-sb,1,20344332.2,wye,7.62,50,1,0.004055,-1,0,1.1,0.9,32
20344332-sb,2,sec_20344332.2,wye,0.24,50,1,0.004055,-1,0,1.1,0.9,32
10560616-sc,1,10560616.3,wye,7.62,15,1,0.004055,-1,0,1.1,0.9,32
10560616-sc,2,sec_10560616.3,wye,0.24,15,1,0.004055,-1,0,1.1,0.9,32
10558557-sc,1,10558557.3,wye,7.62,50,1,0.004055,-1,0,1.1,0.9,32
10558557-sc,2,sec_10558557.3,wye,0.24,50,1,0.004055,-1,0,1.1,0.9,32
10526702-sb,1,10526702.2,wye,7.62,15,1,0.004055,-1,0,1.1,0.9,32
10526702-sb,2,sec_10526702.2,wye,0.24,15,1,0.004055,-1,0,1.1,0.9,32
34097297-sa,1,34097297.1,wye,7.62,15,1,0.004055,-1,0,1.1,0.9,32
34097297-sa,2,sec_34097297.1,wye,0.24,15,1,0.004055,-1,0,1.1,0.9,32
34085035-sa,1,34085035.1,wye,7.62,15,1,0.004055,-1,0,1.1,0.9,32
34085035-sa,2,sec_34085035.1,wye,0.24,15,1,0.004055,-1,0,1.1,0.9,32
20251418-sc,1,20251418.3,wye,7.62,25,1,0.0038195,-1,0,1.1,0.9,32
20251418-sc,2,sec_20251418.3,wye,0.24,25,1,0.0038195,-1,0,1.1,0.9,32
10560281-sb,1,10560281.2,wye,7.62,25,1,0.00504,-1,0,1.1,0.9,32
10560281-sb,2,sec_10560281.2,wye,0.24,25,1,0.00504,-1,0,1.1,0.9,32
10558550-sa,1,10558550.1,wye,7.62,15,1,0.00504,-1,0,1.1,0.9,32
10558550-sa,2,sec_10558550.1,wye,0.24,15,1,0.00504,-1,0,1.1,0.9,32
34096113-sb,1,34096113.2,wye,7.62,25,1,0.0038195,-1,0,1.1,0.9,32
34096113-sb,2,sec_34096113.2,wye,0.24,25,1,0.0038195,-1,0,1.1,0.9,32
34084953-sb,1,34084953.2,wye,7.62,25,1,0.00504,-1,0,1.1,0.9,32
34084953-sb,2,sec_34084953.2,wye,0.24,25,1,0.00504,-1,0,1.1,0.9,32
10559592-sb,1,10559592.2,wye,7.62,25,1,0.00504,-1,0,1.1,0.9,32
10559592-sb,2,sec_10559592.2,wye,0.24,25,1,0.00504,-1,0,1.1,0.9,32
10558544-sb,1,10558544.2,wye,7.62,25,1,0.00504,-1,0,1.1,0.9,32
10558544-sb,2,sec_10558544.2,wye,0.24,25,1,0.00504,-1,0,1.1,0.9,32
10548945-sc,1,10548945.3,wye,7.62,15,1,0.0038195,-1,0,1.1,0.9,32
10548945-sc,2,sec_10548945.3,wye,0.24,15,1,0.0038195,-1,0,1.1,0.9,32
34084663-sb,1,34084663.2,wye,7.62,50,1,0.004055,-1,0,1.1,0.9,32
34084663-sb,2,sec_34084663.2,wye,0.24,50,1,0.004055,-1,0,1.1,0.9,32
10585091-sc,1,10585091.3,wye,7.62,25,1,0.0038195,-1,0,1.1,0.9,32
10585091-sc,2,sec_10585091.3,wye,0.24,25,1,0.0038195,-1,0,1.1,0.9,32
10559574-sa,1,10559574.1,wye,7.62,25,1,0.00504,-1,0,1.1,0.9,32
10559574-sa,2,sec_10559574.1,wye,0.24,25,1,0.00504,-1,0,1.1,0.9,32
10548939-sc,1,10548939.3,wye,7.62,25,1,0.0038195,-1,0,1.1,0.9,32
10548939-sc,2,sec_10548939.3,wye,0.24,25,1,0.0038195,-1,0,1.1,0.9,32
34095658-sc,1,34095658.3,wye,7.62,15,1,0.00504,-1,0,1.1,0.9,32
34095658-sc,2,sec_34095658.3,wye,0.24,15,1,0.00504,-1,0,1.1,0.9,32
34086299-sa,1,34086299.1,wye,7.62,25,1,0.00504,-1,0,1.1,0.9,32
34086299-sa,2,sec_34086299.1,wye,0.24,25,1,0.00504,-1,0,1.1,0.9,32
10559507-sa,1,10559507.1,wye,7.62,25,1,0.0038195,-1,0,1.1,0.9,32
10559507-sa,2,sec_10559507.1,wye,0.24,25,1,0.0038195,-1,0,1.1,0.9,32
34057775-sa,1,34057775.1,wye,7.62,50,1,0.004055,-1,0,1.1,0.9,32
34057775-sa,2,sec_34057775.1,wye,0.24,50,1,0.004055,-1,0,1.1,0.9,32
34054978-sa,1,34054978.1,wye,7.62,50,1,0.004055,-1,0,1.1,0.9,32
34054978-sa,2,sec_34054978.1,wye,0.24,50,1,0.004055,-1,0,1.1,0.9,32
10579843-sc,1,10579843.3,wye,7.62,15,1,0.004055,-1,0,1.1,0.9,32
10579843-sc,2,sec_10579843.3,wye,0.24,15,1,0.004055,-1,0,1.1,0.9,32
